machine_id,timestamp,air_temperature,process_temperature,rotational_speed,torque,tool_wear
M01,1/7/2024 20:00,295.78,310.19,1701,27.81,2.4
M01,1/7/2024 21:00,301.25,305.61,2064,21.11,0
M01,1/7/2024 22:00,299.21,308.93,2316,34.68,1
M01,1/7/2024 23:00,301.09,310.31,1526,44.43,0.7
M01,1/8/2024 0:00,301.7,307.36,1389,33.3,1.6
M01,1/8/2024 1:00,296.85,305.3,2140,38.77,8.5
M01,1/8/2024 2:00,298.86,310.81,2631,40.21,6.6
M01,1/8/2024 3:00,300.99,311.07,1978,29.73,6.7
M01,1/8/2024 4:00,297.59,306.47,1746,44.56,7.9
M01,1/8/2024 5:00,299.44,308.74,1701,25.72,5.6
M01,1/8/2024 6:00,299.48,308.9,1864,49.5,10.4
M01,1/8/2024 7:00,295.22,307.21,1748,22.32,12.5
M01,1/8/2024 8:00,300.03,306.49,2222,33.85,13.3
M01,1/8/2024 9:00,296.85,306.73,2349,38.86,12.4
M01,1/8/2024 10:00,299.08,317.58,1483,37.83,6.5
M01,1/8/2024 11:00,300.54,307.96,1330,33.47,12.4
M01,1/8/2024 12:00,296.76,308.87,1223,43.81,8.3
M01,1/8/2024 13:00,300.26,310.38,1896,23.9,12.3
M01,1/8/2024 14:00,301.68,311.13,1739,54.02,16.3
M01,1/8/2024 15:00,295.74,309.38,2239,41.31,11
M01,1/8/2024 16:00,298.78,310.45,2286,52.15,16.2
M01,1/8/2024 17:00,295.78,307.54,1829,28.38,13.4
M01,1/8/2024 18:00,295.55,310.12,1341,54.23,17
M01,1/8/2024 19:00,299.62,311.63,1538,29.28,21.2
M01,1/8/2024 20:00,296.48,308.78,1611,44.95,17.2
M01,1/8/2024 21:00,297.61,311.3,2124,24.24,16.2
M01,1/8/2024 22:00,307.37,306.61,1651,20.25,21.8
M01,1/8/2024 23:00,295.5,306.67,2194,27.5,16.8
M01,1/9/2024 0:00,299,308.31,2168,48.26,18.2
M01,1/9/2024 1:00,298.02,307.97,2156,50.23,17.6
M01,1/9/2024 2:00,299.52,305.42,1894,48.02,18.9
M01,1/9/2024 3:00,298.75,305.98,1575,29.75,21.1
M01,1/9/2024 4:00,298.1,311.03,2327,23.43,25.8
M01,1/9/2024 5:00,295.1,305.65,1684,25.82,24.9
M01,1/9/2024 6:00,297.81,305.41,1976,20.08,24.7
M01,1/9/2024 7:00,300.5,307,2338,43.17,26.5
M01,1/9/2024 8:00,296.52,313.87,2310,22.13,237
M01,1/9/2024 9:00,295.56,306.3,1339,43.63,25.5
M01,1/9/2024 10:00,301.23,306.72,1281,41.68,28.1
M01,1/9/2024 11:00,298.66,311.54,1618,43.44,27.8
M01,1/9/2024 12:00,295.92,309.52,2136,31.07,32.9
M01,1/9/2024 13:00,298.21,311.99,1404,22.56,28.3
M01,1/9/2024 14:00,301.53,311.17,1700,32.93,28.5
M01,1/9/2024 15:00,299.92,309.28,2283,20.27,35.9
M01,1/9/2024 16:00,299.64,311.57,1475,29.26,37.3
M01,1/9/2024 17:00,296.09,306.97,1631,45.12,31.2
M01,1/9/2024 18:00,296.85,308.42,1304,23.23,34.2
M01,1/9/2024 19:00,295.02,310.4,1736,25.66,35.1
M01,1/9/2024 20:00,298.93,305.78,1505,39.1,39.8
M01,1/9/2024 21:00,296.04,305.89,1831,32.76,41.6
M01,1/9/2024 22:00,295.28,307.5,1711,43.34,36.5
M01,1/9/2024 23:00,301.12,311.82,1516,52.4,36.1
M01,1/10/2024 0:00,300.6,306.24,2044,20.87,41.9
M01,1/10/2024 1:00,301.52,310.62,1708,29.34,43.2
M01,1/10/2024 2:00,301.11,311.01,1655,26.99,45.2
M01,1/10/2024 3:00,300.74,311.1,1656,20.83,38.7
M01,1/10/2024 4:00,301.05,311.77,1771,32.29,42.7
M01,1/10/2024 5:00,300.91,307.32,1256,24.04,48
M01,1/10/2024 6:00,301.74,306.86,1422,40.88,42.5
M01,1/10/2024 7:00,298.05,311.89,1436,33.48,45.6
M01,1/10/2024 8:00,299.96,305.01,2302,44.04,50
M01,1/10/2024 9:00,296.38,308.02,1876,41.81,48
M01,1/10/2024 10:00,301.3,308.55,2036,31.42,49.1
M01,1/10/2024 11:00,296.34,309.65,1976,43.71,51.9
M01,1/10/2024 12:00,297.11,308.84,1200,30.64,45.7
M01,1/10/2024 13:00,299.25,307.26,2104,35.48,46.5
M01,1/10/2024 14:00,301.31,310.57,1547,43.06,48
M01,1/10/2024 15:00,299.33,305.65,1681,43.55,48.2
M01,1/10/2024 16:00,295.17,306.71,2173,41.39,54.4
M01,1/10/2024 17:00,301.2,309.03,1986,37.3,49.9
M01,1/10/2024 18:00,295.04,310.26,1418,47.24,50.4
M01,1/10/2024 19:00,299.87,308.25,2341,28.72,57.4
M01,1/10/2024 20:00,300.61,309.67,2344,40.84,59.2
M01,1/10/2024 21:00,299.29,310.03,2233,34.94,59.5
M01,1/10/2024 22:00,296.11,311.03,2121,29.07,53.7
M01,1/10/2024 23:00,300.36,308.65,1689,29.61,52.8
M01,1/11/2024 0:00,296.9,307.24,2306,22.82,54.3
M01,1/11/2024 1:00,296.07,306.5,2049,34.27,58.9
M01,1/11/2024 2:00,296.45,307.94,2396,53.11,54.5
M01,1/11/2024 3:00,299.03,308.34,1920,30.45,58.9
M01,1/11/2024 4:00,300.85,308.77,2318,48,64.8
M01,1/11/2024 5:00,296.91,308.4,1996,31.76,63.4
M01,1/11/2024 6:00,296.16,308.27,1461,54.33,62.7
M01,1/11/2024 7:00,299.14,309.64,1371,42.5,59.4
M01,1/11/2024 8:00,295.35,307.65,1633,35.91,62.2
M01,1/11/2024 9:00,296.95,311.66,2779,28.83,60.4
M01,1/11/2024 10:00,299.55,310.47,1282,46.4,69.9
M01,1/11/2024 11:00,295.14,306.07,1458,36.57,62.3
M01,1/11/2024 12:00,298.26,306.79,1955,25.87,68
M01,1/11/2024 13:00,295.8,310.74,1837,23.78,62.9
M01,1/11/2024 14:00,299.74,311.71,2012,52.95,65.4
M01,1/11/2024 15:00,300.81,306.7,1817,49.76,70.2
M01,1/11/2024 16:00,301.89,310.48,1911,38.65,71.5
M01,1/11/2024 17:00,299.53,305.09,2060,48.78,66.7
M01,1/11/2024 18:00,299.45,310.8,1513,35.24,73.8
M01,1/11/2024 19:00,296.89,310.66,2302,47.11,71.8
M01,1/11/2024 20:00,299.15,307.26,1702,49.08,68.8
M01,1/11/2024 21:00,296.71,308.25,1976,31.77,73.7
M01,1/11/2024 22:00,298.41,307.48,1729,31.91,78.3
M01,1/11/2024 23:00,296.93,305.07,1591,23,77.4
M01,1/12/2024 0:00,300.31,309.83,2205,35.69,71.2
M01,1/12/2024 1:00,297.83,306.7,2391,32.92,77.3
M01,1/12/2024 2:00,301.98,308.85,1920,44.6,75.2
M01,1/12/2024 3:00,295.84,306.35,1444,46,82.8
M01,1/12/2024 4:00,296.34,310.17,1766,45.36,83.8
M01,1/12/2024 5:00,296.98,305.7,1597,30.37,78.4
M01,1/12/2024 6:00,299.96,305.89,1293,54.1,81.1
M01,1/12/2024 7:00,295.88,311.08,2205,23.59,76.4
M01,1/12/2024 8:00,298.35,307.38,1305,28.84,85.7
M01,1/12/2024 9:00,295.46,308.44,2381,42.03,78.4
M01,1/12/2024 10:00,298.94,307.13,1708,24.15,86.2
M01,1/12/2024 11:00,300.54,306.58,2270,33.31,88.4
M01,1/12/2024 12:00,299.12,308,2364,41.74,86.2
M01,1/12/2024 13:00,301.63,306.45,1632,29.26,81.7
M01,1/12/2024 14:00,298.86,306.1,2036,35.77,87.6
M01,1/12/2024 15:00,296.62,309.95,2129,22.49,84.7
M01,1/12/2024 16:00,300.54,309.13,1605,34.88,88.6
M01,1/12/2024 17:00,301.36,310.79,1346,22.09,91.8
M01,1/12/2024 18:00,300.77,311.45,2099,24.35,91.6
M01,1/12/2024 19:00,301.6,308.5,2211,35.32,91.4
M01,1/12/2024 20:00,300.14,309.23,1252,23.2,95.8
M01,1/12/2024 21:00,299.03,311.66,1751,40.17,94.6
M01,1/12/2024 22:00,298.63,308.1,1769,26.35,93.6
M01,1/12/2024 23:00,298.44,305.64,1912,34.29,91.7
M01,1/13/2024 0:00,296.13,307.88,2214,30.09,98.7
M01,1/13/2024 1:00,298.85,308.18,1844,28.83,91.2
M01,1/13/2024 2:00,301.05,310.77,1202,43.02,96.2
M01,1/13/2024 3:00,296.31,307.53,2220,41.89,99.1
M01,1/13/2024 4:00,298.84,315.52,2097,50.83,97.1
M01,1/13/2024 5:00,295.1,307.86,1660,54.73,102.2
M01,1/13/2024 6:00,295.82,310.83,2220,52.64,96.7
M01,1/13/2024 7:00,297.91,308.38,2167,28.53,100.1
M01,1/13/2024 8:00,301.45,308.56,1479,50.24,98.1
M01,1/13/2024 9:00,297.9,311.54,2239,29.35,96.1
M01,1/13/2024 10:00,300.86,309.06,2202,50.28,101.3
M01,1/13/2024 11:00,297.33,310.34,1972,35.94,100.8
M01,1/13/2024 12:00,299.88,309,1678,49.96,102.5
M01,1/13/2024 13:00,298.31,311.39,1980,33.51,105.8
M01,1/13/2024 14:00,301.87,308.47,1275,24.42,109.5
M01,1/13/2024 15:00,295.7,310.92,1404,38.41,105.2
M01,1/13/2024 16:00,297.87,309.58,1516,22.62,109.2
M01,1/13/2024 17:00,299.36,307.78,1364,49.81,110.7
M01,1/13/2024 18:00,297.66,307.22,2199,50.53,103.3
M01,1/13/2024 19:00,299.42,311.45,1665,46.14,108
M01,1/13/2024 20:00,305.11,311.11,2991,25.82,107.4
M01,1/13/2024 21:00,296.02,308.72,2359,43.86,107
M01,1/13/2024 22:00,299.27,307.68,1693,37.42,111.8
M01,1/13/2024 23:00,299.47,308.22,1219,51.46,111.4
M01,1/14/2024 0:00,298.83,305.52,1907,54.57,110.5
M01,1/14/2024 1:00,299.83,308.2,1818,26.97,112.1
M01,1/14/2024 2:00,306.05,309,2600,30.36,116
M01,1/14/2024 3:00,301.37,310.22,1786,47.15,112.1
M01,1/14/2024 4:00,296.53,306.33,1713,43.72,117.7
M01,1/14/2024 5:00,300.87,309.4,1280,30.81,115.7
M01,1/14/2024 6:00,300.13,305.63,1804,31.44,116.2
M01,1/14/2024 7:00,300.51,311.14,1949,38.58,121.9
M01,1/14/2024 8:00,296.8,310.77,2186,53.86,116.5
M01,1/14/2024 9:00,300.63,308.28,1354,24.93,124
M01,1/14/2024 10:00,300.07,311.86,2341,69.85,123
M01,1/14/2024 11:00,300.24,306.84,1980,48.78,125.2
M01,1/14/2024 12:00,296.64,305.18,2349,31.48,122.7
M01,1/14/2024 13:00,299.45,308.25,3054,42.72,118.5
M01,1/14/2024 14:00,295.81,306.64,2300,24.75,122.7
M01,1/14/2024 15:00,300.2,311.62,2058,40.56,126.1
M01,1/14/2024 16:00,299.58,310.84,2035,52.87,122.4
M01,1/14/2024 17:00,296.52,308.11,1683,49.94,121.4
M01,1/14/2024 18:00,298.81,311.84,1934,22.12,123.9
M01,1/14/2024 19:00,301.64,310.77,1387,43.2,128.3
M01,1/14/2024 20:00,295.15,310.51,1698,54.61,130.5
M01,1/14/2024 21:00,300.81,308.88,2400,27.56,132.1
M01,1/14/2024 22:00,296.03,311.3,1205,29.7,134
M01,1/14/2024 23:00,298.78,310.59,1425,43.14,225
M01,1/15/2024 0:00,295.11,306.86,1459,45.96,131
M01,1/15/2024 1:00,298.33,310.45,2251,40.78,131
M01,1/15/2024 2:00,299.31,310.09,2267,77.47,236
M01,1/15/2024 3:00,299.99,308.1,1365,31.27,129.5
M01,1/15/2024 4:00,299.37,309.1,1865,33.33,134.7
M01,1/15/2024 5:00,298.54,308.01,1434,49.85,136
M01,1/15/2024 6:00,300.05,306.51,2124,51.08,134.4
M01,1/15/2024 7:00,297.79,310.11,1840,34.94,137.7
M01,1/15/2024 8:00,296.07,311.46,1337,23.19,132.7
M01,1/15/2024 9:00,300.21,307.61,1466,39.47,138.4
M01,1/15/2024 10:00,297.31,305.86,1924,50.58,142.7
M01,1/15/2024 11:00,301.41,305.36,1789,41.01,137.6
M01,1/15/2024 12:00,296.49,309.6,1659,49.65,138.3
M01,1/15/2024 13:00,295.8,306.95,1663,48.25,144.1
M01,1/15/2024 14:00,300.73,309.3,2340,20.92,145.7
M01,1/15/2024 15:00,296.87,306.26,1832,52.25,140.6
M01,1/15/2024 16:00,296,309.6,1342,71.08,144.2
M01,1/15/2024 17:00,297.39,307.59,1864,47.19,144.3
M01,1/15/2024 18:00,295.37,306.1,1301,43.59,142.1
M01,1/15/2024 19:00,298.4,308.09,1759,27.54,145.3
M01,1/15/2024 20:00,295.78,309.75,2196,38.44,144
M01,1/15/2024 21:00,301.89,305.38,1618,30.55,143.8
M01,1/15/2024 22:00,296.79,307.3,1215,37.41,146.7
M01,1/15/2024 23:00,298.73,306.61,2344,49.17,151.3
M01,1/16/2024 0:00,301.03,305.3,1238,36.09,144.7
M01,1/16/2024 1:00,298,307.83,2055,30.13,148.8
M01,1/16/2024 2:00,296.2,311.63,2142,49.12,154.7
M01,1/16/2024 3:00,300.91,306.7,2020,38.34,150.2
M01,1/16/2024 4:00,297.38,307.33,1544,22.67,153.3
M01,1/16/2024 5:00,296.36,310.43,1919,45.46,155.9
M01,1/16/2024 6:00,296.65,306.03,1604,26.07,150
M01,1/16/2024 7:00,295.53,311.66,2211,36.24,154.9
M01,1/16/2024 8:00,299.77,311.17,1861,50.25,156.3
M01,1/16/2024 9:00,295.48,308.1,1820,47.87,156.7
M01,1/16/2024 10:00,295.52,308.23,1277,21.99,159.9
M01,1/16/2024 11:00,301.05,310.99,2238,33.46,158.1
M01,1/16/2024 12:00,300.17,305.29,2370,42.81,156.3
M01,1/16/2024 13:00,296.06,305.43,1411,48.38,162.2
M01,1/16/2024 14:00,295.59,309.52,1280,28.67,159
M01,1/16/2024 15:00,298.66,306.11,1963,52.13,159.2
M01,1/16/2024 16:00,299.75,305.37,1885,22.31,157.1
M01,1/16/2024 17:00,296.99,310.07,1507,31.67,162.7
M01,1/16/2024 18:00,297.45,311.77,2002,24.51,164.7
M01,1/16/2024 19:00,298.91,309.5,1872,48.46,165.1
M01,1/16/2024 20:00,300.17,309.8,2278,23.27,165.9
M01,1/16/2024 21:00,295.13,307.16,1638,31.96,167.6
M01,1/16/2024 22:00,302,306.08,1805,49.55,161.7
M01,1/16/2024 23:00,300.85,311.19,1277,43.17,170.2
M01,1/17/2024 0:00,299.18,306.08,1570,49.1,169.9
M01,1/17/2024 1:00,296.16,308.06,2041,32.75,170.2
M01,1/17/2024 2:00,299.27,310.27,2119,28.19,166.1
M01,1/17/2024 3:00,300.49,311.33,1597,32.87,174
M01,1/17/2024 4:00,298.23,306.97,1982,37.6,169.4
M01,1/17/2024 5:00,296.4,309.23,1712,21.83,170.8
M01,1/17/2024 6:00,301.54,309.98,2256,49.79,169.6
M01,1/17/2024 7:00,296.91,311.34,1501,49.09,168.4
M01,1/17/2024 8:00,300.72,311.19,1254,34.52,172.2
M01,1/17/2024 9:00,297.7,305.57,1659,20.99,178.3
M01,1/17/2024 10:00,299.55,310.54,1481,21.34,179
M01,1/17/2024 11:00,300.82,310.31,2160,35.7,170.6
M01,1/17/2024 12:00,296.79,310.84,2323,52.91,177.4
M01,1/17/2024 13:00,300.43,306.66,1449,21.67,176.3
M01,1/17/2024 14:00,298.2,305.78,2223,40.89,173
M01,1/17/2024 15:00,296.69,306.01,2079,20.05,177.1
M01,1/17/2024 16:00,296.31,309.68,2272,54.11,175
M01,1/17/2024 17:00,298.55,311.92,2566,20.71,227
M01,1/17/2024 18:00,300.52,307.41,1412,47,183.2
M01,1/17/2024 19:00,295.31,308.82,1558,49.06,183.5
M01,1/17/2024 20:00,298.35,306.28,1476,22.21,185.2
M01,1/17/2024 21:00,297.05,305.31,1608,51,181.3
M01,1/17/2024 22:00,297.79,310.71,2169,28.87,186.5
M01,1/17/2024 23:00,297.5,310.47,1879,29.56,187.7
M01,1/18/2024 0:00,297.8,308.08,1991,31.87,182.3
M01,1/18/2024 1:00,297.57,310.58,1746,48.04,188.5
M01,1/18/2024 2:00,299.22,310.76,2317,30.28,183
M01,1/18/2024 3:00,297.07,308.12,2072,25.83,187.2
M01,1/18/2024 4:00,300.09,311.38,2090,29.61,190
M01,1/18/2024 5:00,295.53,309.46,1944,37.96,190
M02,1/1/2024 8:00,296,309.25,2097,21.22,0
M02,1/1/2024 9:00,297.56,307.68,2361,21.13,0
M02,1/1/2024 10:00,297.6,308.11,1357,40.09,1.8
M02,1/1/2024 11:00,299.55,306.75,1432,20.91,0
M02,1/1/2024 12:00,301.39,305.82,1733,44.64,0.2
M02,1/1/2024 13:00,299.86,311.99,1609,24.29,7.3
M02,1/1/2024 14:00,301.29,308.12,1379,48.37,9.2
M02,1/1/2024 15:00,299.67,309.97,2326,38.98,9.2
M02,1/1/2024 16:00,299.98,311.49,1556,47.78,6.2
M02,1/1/2024 17:00,296.41,305.97,2211,20.92,7.4
M02,1/1/2024 18:00,300.63,308.86,1376,22.3,6.6
M02,1/1/2024 19:00,298.35,307.88,2038,48.82,4.1
M02,1/1/2024 20:00,299.5,308.15,2259,32.06,12.9
M02,1/1/2024 21:00,299.48,306.27,1464,35.14,214
M02,1/1/2024 22:00,297.13,306.13,1661,32.11,15
M02,1/1/2024 23:00,300.92,306.75,2328,29.61,12.7
M02,1/2/2024 0:00,295.65,309.49,2389,25.4,13.7
M02,1/2/2024 1:00,299.24,310.9,2354,21.44,16.6
M02,1/2/2024 2:00,301.64,310.4,1742,42.79,16.3
M02,1/2/2024 3:00,299.47,308.49,2317,30.14,19
M02,1/2/2024 4:00,300.63,309.79,1809,35.87,17.1
M02,1/2/2024 5:00,297.91,308.25,1896,41.23,14.1
M02,1/2/2024 6:00,300.14,311.03,2016,24.58,15.4
M02,1/2/2024 7:00,297.23,308.27,1747,66.96,260
M02,1/2/2024 8:00,301.32,310.69,2383,45.24,15.1
M02,1/2/2024 9:00,301.97,308.27,1831,37.41,14.9
M02,1/2/2024 10:00,298.2,306.69,2394,32.35,15.3
M02,1/2/2024 11:00,301.18,309.58,2163,30,15.6
M02,1/2/2024 12:00,295.94,306.85,1949,46.73,19.9
M02,1/2/2024 13:00,298.99,306.36,2333,30.1,20.9
M02,1/2/2024 14:00,298.85,310.78,1443,24.5,18.8
M02,1/2/2024 15:00,301.91,308.9,1948,46.42,20.6
M02,1/2/2024 16:00,298.5,305.32,1480,44.98,27.4
M02,1/2/2024 17:00,296.04,311.25,1486,31.48,26.2
M02,1/2/2024 18:00,301.93,310.18,1812,40.78,25.9
M02,1/2/2024 19:00,298.43,308.94,2172,48.55,25.3
M02,1/2/2024 20:00,301.86,309.09,1254,40.89,25
M02,1/2/2024 21:00,301.8,309.05,1666,45.25,29
M02,1/2/2024 22:00,299.4,313.62,1978,25.17,30.7
M02,1/2/2024 23:00,297.2,306.06,1617,34.36,32.4
M02,1/3/2024 0:00,301.11,310.15,1327,44.7,30.6
M02,1/3/2024 1:00,301.99,308.35,1971,30.98,27.9
M02,1/3/2024 2:00,297.4,307.48,1741,41.35,28.8
M02,1/3/2024 3:00,298.91,306.57,1809,46.99,34.7
M02,1/3/2024 4:00,298.42,308.36,2347,52.68,36.4
M02,1/3/2024 5:00,295.85,309.74,1977,51.35,33.1
M02,1/3/2024 6:00,300.41,306.03,1286,30.07,37.1
M02,1/3/2024 7:00,298.1,306.8,2181,27.49,39
M02,1/3/2024 8:00,298.93,306.9,1423,41.55,37.3
M02,1/3/2024 9:00,299.69,308.72,1676,21.84,36.4
M02,1/3/2024 10:00,295.7,310.4,1210,53.76,42.8
M02,1/3/2024 11:00,299.57,311.16,2174,36.71,35.8
M02,1/3/2024 12:00,297.25,309.52,1383,42.83,36.8
M02,1/3/2024 13:00,300.95,305.26,1558,34.63,43.7
M02,1/3/2024 14:00,295.25,310.85,2214,26.52,43.5
M02,1/3/2024 15:00,297.03,305.26,1811,39.88,37.9
M02,1/3/2024 16:00,296.99,311.92,2312,38.35,46.5
M02,1/3/2024 17:00,298.53,306.91,1430,31.57,45.6
M02,1/3/2024 18:00,300.03,305.1,1890,47.68,44.8
M02,1/3/2024 19:00,296.23,310.99,2030,48.94,45
M02,1/3/2024 20:00,299.68,318.4,1487,83.9,50
M02,1/3/2024 21:00,297.11,310.06,1223,29.15,45
M02,1/3/2024 22:00,299.67,308.26,1527,34.19,47.1
M02,1/3/2024 23:00,299.92,307.18,1440,42.35,52.3
M02,1/4/2024 0:00,296.55,311.7,2179,25.36,51.1
M02,1/4/2024 1:00,297.91,308.84,2164,46.51,52.4
M02,1/4/2024 2:00,300.33,309.76,1367,38.39,50.4
M02,1/4/2024 3:00,301.42,305.79,2321,51.6,47.9
M02,1/4/2024 4:00,296.15,310.98,2104,24.07,48.7
M02,1/4/2024 5:00,295.64,308.57,1313,35.87,52.6
M02,1/4/2024 6:00,295.4,308.24,1831,45.31,52.2
M02,1/4/2024 7:00,300.22,309.05,1292,34.83,56
M02,1/4/2024 8:00,295.42,311.26,2166,21.11,53.8
M02,1/4/2024 9:00,300.36,311.85,2060,33.11,59.4
M02,1/4/2024 10:00,301.42,307.64,1364,43.9,57.9
M02,1/4/2024 11:00,299.57,307.43,1565,54.75,55.9
M02,1/4/2024 12:00,301.85,310.84,1246,54.25,57.4
M02,1/4/2024 13:00,297.97,307.65,1670,28.66,57
M02,1/4/2024 14:00,301.56,310.08,1431,21.13,60.9
M02,1/4/2024 15:00,301.55,318.31,1692,27.21,56
M02,1/4/2024 16:00,297.82,306.64,1644,46.4,63.6
M02,1/4/2024 17:00,301.95,306.64,2379,31.16,62.5
M02,1/4/2024 18:00,297.24,307.11,1493,54.5,62.5
M02,1/4/2024 19:00,296.93,308.9,1558,41.91,62.4
M02,1/4/2024 20:00,301.81,311.59,1980,47.5,62
M02,1/4/2024 21:00,296.04,307.64,2301,36.57,68.1
M02,1/4/2024 22:00,299.95,310.64,1318,39.68,70
M02,1/4/2024 23:00,295.94,306.7,1616,31.56,61.9
M02,1/5/2024 0:00,297.6,308.75,1590,21.8,65.7
M02,1/5/2024 1:00,295.28,305.51,2344,27.6,64.7
M02,1/5/2024 2:00,297.12,311.36,1633,52.8,73
M02,1/5/2024 3:00,302,308.35,1696,44.35,71.2
M02,1/5/2024 4:00,296.68,307.25,1779,33.32,70.3
M02,1/5/2024 5:00,296.83,308.59,2218,36.31,73.7
M02,1/5/2024 6:00,300.33,307.24,1616,32.97,70.6
M02,1/5/2024 7:00,296.55,306.02,1734,39.37,73
M02,1/5/2024 8:00,297.07,306.37,1671,33.29,76.3
M02,1/5/2024 9:00,299.58,309.79,1727,46.72,73.6
M02,1/5/2024 10:00,300.18,308.23,1921,25.92,76.7
M02,1/5/2024 11:00,301.42,308.79,1320,38.34,78.6
M02,1/5/2024 12:00,300.73,305.34,1213,34.43,79.4
M02,1/5/2024 13:00,299.95,305.06,2235,35.96,72.4
M02,1/5/2024 14:00,301.54,311.39,2199,20.55,77.8
M02,1/5/2024 15:00,295.12,310.06,2297,54.21,73.5
M02,1/5/2024 16:00,299.72,310.64,1567,23.75,75
M02,1/5/2024 17:00,296.34,308.69,1925,29.36,78.8
M02,1/5/2024 18:00,297.84,308.96,1662,30.5,83.8
M02,1/5/2024 19:00,301.94,309.55,1264,23.27,80.1
M02,1/5/2024 20:00,295.39,305.07,1550,22.89,85.5
M02,1/5/2024 21:00,297.32,311.84,1395,51.32,87
M02,1/5/2024 22:00,301.31,309.85,2360,36.64,79.1
M02,1/5/2024 23:00,301.48,311.3,2354,43.03,81.2
M02,1/6/2024 0:00,295.11,306.45,1495,46.33,87.2
M02,1/6/2024 1:00,295.54,306.14,1692,39.83,89.4
M02,1/6/2024 2:00,298.78,307.69,1486,47.67,88.5
M02,1/6/2024 3:00,300.22,307.42,1400,35.3,90.8
M02,1/6/2024 4:00,300.38,311.68,2012,53.91,86.4
M02,1/6/2024 5:00,300.48,308.15,1667,32.45,93.3
M02,1/6/2024 6:00,299.76,309.62,1375,47.03,87.6
M02,1/6/2024 7:00,295.51,306.88,1978,44.91,91.8
M02,1/6/2024 8:00,297.22,305.75,1210,53,90.6
M02,1/6/2024 9:00,295.72,305.61,2082,35.71,92.5
M02,1/6/2024 10:00,295.18,307.48,1390,40.89,95.6
M02,1/6/2024 11:00,295.09,307.9,1373,45.37,94.1
M02,1/6/2024 12:00,296.7,308.65,1979,25.93,91.9
M02,1/6/2024 13:00,296.02,306.17,1765,34.74,94.8
M02,1/6/2024 14:00,296.76,306.73,2215,40.78,92.7
M02,1/6/2024 15:00,297.13,311.64,1880,49.46,95.3
M02,1/6/2024 16:00,298.08,308.01,1478,30.52,98.3
M02,1/6/2024 17:00,298.35,306.24,2015,53.91,96
M02,1/6/2024 18:00,298.44,309.03,1696,31.41,96.6
M02,1/6/2024 19:00,297.56,311.52,1609,40.73,100
M02,1/6/2024 20:00,298.85,311.67,2145,53,97.4
M02,1/6/2024 21:00,300.82,305.48,2037,43.55,97.5
M02,1/6/2024 22:00,296.77,306.08,2066,47.62,97.6
M02,1/6/2024 23:00,298.35,307.81,2237,52.32,106.3
M02,1/7/2024 0:00,295.26,311.78,2299,40.78,107.5
M02,1/7/2024 1:00,296.74,309.65,1540,42.64,99.6
M02,1/7/2024 2:00,299.74,316.4,1879,53.8,230
M02,1/7/2024 3:00,298.24,309.76,2224,25.28,110.6
M02,1/7/2024 4:00,297.07,311.44,1375,24.06,110.8
M02,1/7/2024 5:00,297.18,308.19,1623,38.24,105.6
M02,1/7/2024 6:00,300.05,308.17,1337,30.51,111
M02,1/7/2024 7:00,300.94,309.54,1536,52.55,111.1
M02,1/7/2024 8:00,298.86,307.32,2073,53.55,106.8
M02,1/7/2024 9:00,296.29,309.48,2085,33.85,112.6
M02,1/7/2024 10:00,298.15,308.01,1209,44.67,108
M02,1/7/2024 11:00,300.66,305.44,1408,47.98,112.1
M02,1/7/2024 12:00,296.38,305.8,2202,38.47,113.9
M02,1/7/2024 13:00,299.28,309.11,1912,32.32,112.8
M02,1/7/2024 14:00,299.72,310.6,1373,43.52,112.1
M02,1/7/2024 15:00,295.82,307.61,1489,37.88,113.9
M02,1/7/2024 16:00,297.69,306.3,2300,44.27,117
M02,1/7/2024 17:00,298.88,308.43,1487,26.55,119.7
M02,1/7/2024 18:00,301.06,311.66,2192,24.78,120.2
M02,1/7/2024 19:00,298.54,308.46,2207,34.55,121.2
M02,1/7/2024 20:00,295.58,305.22,1651,30.22,116.3
M02,1/7/2024 21:00,296.18,308.2,2214,39.24,115.5
M02,1/7/2024 22:00,300.43,310.76,1951,38.97,122.6
M02,1/7/2024 23:00,298.09,306.53,2070,23.58,124.1
M02,1/8/2024 0:00,297.08,312,2121,29.2,125.2
M02,1/8/2024 1:00,301.06,305.82,1685,27.35,124.7
M02,1/8/2024 2:00,301.03,309.27,2076,25.81,119.5
M02,1/8/2024 3:00,296.45,305.42,1918,38.63,124.8
M02,1/8/2024 4:00,301.85,307.05,2372,29.36,128.2
M02,1/8/2024 5:00,299.76,305.67,2042,52.16,130.3
M02,1/8/2024 6:00,295.89,311.06,1711,25.12,124.4
M02,1/8/2024 7:00,300.9,307.75,1491,40.21,124.6
M02,1/8/2024 8:00,298.16,309.44,1390,34.1,130.2
M02,1/8/2024 9:00,301.14,308.18,2199,31.46,123.5
M02,1/8/2024 10:00,300.13,310.12,2138,42.22,131.2
M02,1/8/2024 11:00,300.57,307.78,2079,48.87,129.9
M02,1/8/2024 12:00,296.99,308.83,1467,39.81,130.6
M02,1/8/2024 13:00,299.78,305.34,1403,71.96,134.8
M02,1/8/2024 14:00,301.94,307.99,1470,50.88,130.3
M02,1/8/2024 15:00,301.14,305.65,1938,28.76,131.7
M02,1/8/2024 16:00,296.16,307.77,1825,45.41,136.3
M02,1/8/2024 17:00,295.64,305.67,1637,36.69,130.8
M02,1/8/2024 18:00,299.76,305.07,1903,48.6,140.2
M02,1/8/2024 19:00,295.93,305.5,1984,23.13,139.1
M02,1/8/2024 20:00,297.57,307.09,1983,47.07,139.3
M02,1/8/2024 21:00,301.95,306,2286,39.72,138.7
M02,1/8/2024 22:00,297.46,306.49,1510,52.2,139.5
M02,1/8/2024 23:00,296.52,311.28,1486,46.34,140
M02,1/9/2024 0:00,301.74,307.2,1486,28.67,141.3
M02,1/9/2024 1:00,299.21,310.05,1783,47.26,142.5
M02,1/9/2024 2:00,299.61,307.11,2260,41.24,138.2
M02,1/9/2024 3:00,299.52,310.49,1690,37.32,138.2
M02,1/9/2024 4:00,299.16,308.7,1224,54.54,147.2
M02,1/9/2024 5:00,301.03,308.98,1948,39.12,140.4
M02,1/9/2024 6:00,301.91,305.51,1338,20.48,141.6
M02,1/9/2024 7:00,301.64,307.79,1786,42,145.2
M02,1/9/2024 8:00,299.91,305.58,2298,38.82,142.4
M02,1/9/2024 9:00,295.55,311.45,1518,38.77,145.6
M02,1/9/2024 10:00,300.84,309.77,1335,30.86,146.8
M02,1/9/2024 11:00,303.56,306.71,2089,24.06,149.3
M02,1/9/2024 12:00,295.96,305.08,2216,53.36,149.2
M02,1/9/2024 13:00,300.05,306.17,1459,46.24,153.5
M02,1/9/2024 14:00,295.83,311.3,1886,71.92,148.2
M02,1/9/2024 15:00,297.52,308.5,2360,25.84,147.8
M02,1/9/2024 16:00,301.26,313.8,1436,27.99,152.1
M02,1/9/2024 17:00,297.55,311.44,1566,52.59,156.3
M02,1/9/2024 18:00,301.4,310.18,2058,27.86,151
M02,1/9/2024 19:00,297.24,310.78,2370,33.05,154.3
M02,1/9/2024 20:00,296.26,310.63,1294,53.39,150.7
M02,1/9/2024 21:00,296.98,310.91,1870,23.02,155.4
M02,1/9/2024 22:00,297.04,310.49,1696,36.24,157.5
M02,1/9/2024 23:00,305.94,317.63,2319,46.62,154.8
M02,1/10/2024 0:00,299.85,305.07,1886,20.05,159.7
M02,1/10/2024 1:00,300.09,305.73,2285,54.41,158
M02,1/10/2024 2:00,301.81,306,1773,23.26,163.8
M02,1/10/2024 3:00,298.64,309.91,1962,36.05,162.8
M02,1/10/2024 4:00,298.54,309.46,2007,22.62,161.8
M02,1/10/2024 5:00,301.75,306.66,1734,49.78,166.1
M02,1/10/2024 6:00,300.82,307.28,2127,29.52,158.4
M02,1/10/2024 7:00,300.46,309.09,1518,23.7,162.9
M02,1/10/2024 8:00,295.85,307.51,1625,35.82,163.8
M02,1/10/2024 9:00,306.7,319.79,1823,48.92,166.9
M02,1/10/2024 10:00,297.77,314.12,1812,63.45,170.6
M02,1/10/2024 11:00,300.56,305.85,1326,49.06,171.3
M02,1/10/2024 12:00,300.77,307.61,1372,40.38,164.8
M02,1/10/2024 13:00,295.15,305.45,2108,48.33,163.9
M02,1/10/2024 14:00,300.66,305.86,2144,21.77,173
M02,1/10/2024 15:00,300.07,308.47,1983,43.91,166.2
M02,1/10/2024 16:00,296.31,306.96,1504,21.21,171.4
M02,1/10/2024 17:00,297.07,307.88,2327,36.77,166.9
M02,1/10/2024 18:00,297.93,309.5,2276,28.72,176.7
M02,1/10/2024 19:00,295.14,307.68,1935,36.79,175.3
M02,1/10/2024 20:00,298.96,307.25,1753,26.29,171.5
M02,1/10/2024 21:00,301.27,310.45,1319,48.3,173.8
M02,1/10/2024 22:00,299.09,306.63,1526,23.5,176.4
M02,1/10/2024 23:00,300.71,311.42,1314,46.74,180
M02,1/11/2024 0:00,301.88,307.72,1555,26.16,177.2
M02,1/11/2024 1:00,299.88,311.4,1257,44.62,175.6
M02,1/11/2024 2:00,295.99,317.41,2208,38.97,174.6
M02,1/11/2024 3:00,295.14,308.35,1879,52.13,175.6
M02,1/11/2024 4:00,300.02,311.43,1862,22.08,175.8
M02,1/11/2024 5:00,295.99,305.78,2277,50.12,184.7
M02,1/11/2024 6:00,301.59,307.77,1406,31.78,179.1
M02,1/11/2024 7:00,300.13,308.06,2197,42.72,178.4
M02,1/11/2024 8:00,299.85,311.5,1930,27.81,183.3
M02,1/11/2024 9:00,297.15,309.82,1460,26.22,178.2
M02,1/11/2024 10:00,299.01,310.96,2362,21.13,184.9
M02,1/11/2024 11:00,301.77,306.55,2358,23.64,184.6
M02,1/11/2024 12:00,295.54,307.43,1854,25.88,189.3
M02,1/11/2024 13:00,299.96,309.47,1887,35.63,183.9
M02,1/11/2024 14:00,295.47,306.8,1421,45.21,182.4
M02,1/11/2024 15:00,297.94,306.16,2047,37.26,186.5
M02,1/11/2024 16:00,295.71,308.36,2383,42.78,190
M02,1/11/2024 17:00,295.52,310.92,1803,20.7,186.9
M03,1/4/2024 16:00,296.19,307.63,1353,39.15,4
M03,1/4/2024 17:00,299.16,309.3,2188,44.66,0.1
M03,1/4/2024 18:00,299.25,308.04,1309,23.54,0
M03,1/4/2024 19:00,299.88,310.05,2306,29.28,0.1
M03,1/4/2024 20:00,295.35,309,2205,25.38,1.6
M03,1/4/2024 21:00,297.06,309.63,2183,26.99,0
M03,1/4/2024 22:00,297.04,305.57,1436,30.79,3.5
M03,1/4/2024 23:00,299.63,305.64,2314,33.56,4
M03,1/5/2024 0:00,296.31,305.31,2100,36.28,3.3
M03,1/5/2024 1:00,295.43,310.27,1398,23,5.3
M03,1/5/2024 2:00,301.79,309.13,2333,22.13,6.5
M03,1/5/2024 3:00,301.76,309.81,2172,40.05,5.7
M03,1/5/2024 4:00,297.76,310.98,1271,37.57,13.1
M03,1/5/2024 5:00,299.74,309.34,1446,53.22,9.4
M03,1/5/2024 6:00,296.17,306.48,1594,24.42,9.9
M03,1/5/2024 7:00,298.05,311.98,1502,49.19,9
M03,1/5/2024 8:00,301.4,305.47,1994,39.47,12.7
M03,1/5/2024 9:00,298.64,311.42,1225,47.53,14.2
M03,1/5/2024 10:00,297.94,307.9,1503,39.83,14.5
M03,1/5/2024 11:00,295.7,305.74,1406,47.5,18.1
M03,1/5/2024 12:00,301.15,306.85,2194,40.02,14.9
M03,1/5/2024 13:00,297.82,309.33,2022,21.36,19.9
M03,1/5/2024 14:00,296.66,310.22,1750,51.4,11.9
M03,1/5/2024 15:00,297.12,306.96,2206,50.04,19.3
M03,1/5/2024 16:00,296.6,307.1,2107,47.09,16.4
M03,1/5/2024 17:00,299.23,305.63,2104,27.4,22.2
M03,1/5/2024 18:00,300.32,311.07,1315,38.03,16.3
M03,1/5/2024 19:00,298.55,305.95,2273,50.78,15.8
M03,1/5/2024 20:00,300.83,310.86,1710,21.16,16.8
M03,1/5/2024 21:00,296.39,307.58,2150,37.68,23.4
M03,1/5/2024 22:00,295.21,307.61,2113,26.22,26.5
M03,1/5/2024 23:00,297.45,306.14,1729,46.21,25.4
M03,1/6/2024 0:00,297.71,306.14,2371,47.29,21.5
M03,1/6/2024 1:00,296.58,306.45,2038,37.96,28.7
M03,1/6/2024 2:00,299.78,308.32,2831,42.66,232
M03,1/6/2024 3:00,301.27,310.96,2140,28.82,26.3
M03,1/6/2024 4:00,300.77,307.78,1409,20.26,32.4
M03,1/6/2024 5:00,300.88,308.93,2817,30.45,246
M03,1/6/2024 6:00,299.98,311.25,1811,26.59,29.1
M03,1/6/2024 7:00,295.4,311,2027,43.12,31.4
M03,1/6/2024 8:00,299.59,311.98,1731,51.74,29.4
M03,1/6/2024 9:00,299.08,311.96,1588,32.01,33.3
M03,1/6/2024 10:00,299.47,308.33,1934,37.76,35.4
M03,1/6/2024 11:00,301.14,306.27,1399,36.48,35.1
M03,1/6/2024 12:00,298.91,311.39,1887,42.91,30.7
M03,1/6/2024 13:00,301.1,307.94,1878,33.01,35.1
M03,1/6/2024 14:00,295.82,305.38,2395,40.31,36.2
M03,1/6/2024 15:00,296.36,305.84,1981,38.54,34.9
M03,1/6/2024 16:00,296.06,311.95,1901,34.32,37.2
M03,1/6/2024 17:00,298.2,307.21,1569,47.26,37.1
M03,1/6/2024 18:00,296.24,309.44,1209,35.82,35.1
M03,1/6/2024 19:00,299.03,306.11,1380,24.53,38.1
M03,1/6/2024 20:00,298,308.34,1209,21.32,36.5
M03,1/6/2024 21:00,295.1,307.26,2287,26.67,42
M03,1/6/2024 22:00,296.74,309.85,1905,30.92,37.1
M03,1/6/2024 23:00,297.14,305.46,1293,30.44,39.7
M03,1/7/2024 0:00,299.17,307.36,1474,32,46.6
M03,1/7/2024 1:00,296.32,311.64,2026,20.67,40.6
M03,1/7/2024 2:00,296.48,305.15,2233,25.91,42.7
M03,1/7/2024 3:00,295.26,311.14,1723,46.99,46.1
M03,1/7/2024 4:00,295.34,305.76,1240,21.69,41.8
M03,1/7/2024 5:00,306.3,306.77,2690,27.19,48.2
M03,1/7/2024 6:00,297.93,311.29,2247,45.16,43.3
M03,1/7/2024 7:00,295.74,306.39,1609,47.23,51.2
M03,1/7/2024 8:00,297.51,307.87,1528,21.38,48.6
M03,1/7/2024 9:00,301.53,307.31,1205,20.45,45.3
M03,1/7/2024 10:00,299.02,308.46,1384,47.28,45.9
M03,1/7/2024 11:00,301.33,309.51,2135,54.6,48.9
M03,1/7/2024 12:00,295.7,306.22,1280,49.83,50.3
M03,1/7/2024 13:00,297.98,305.81,1293,20.34,48.8
M03,1/7/2024 14:00,297.3,311.26,1749,50.75,49.1
M03,1/7/2024 15:00,296.28,307.81,2134,29.51,52.8
M03,1/7/2024 16:00,305.37,309.54,1541,23.96,56.7
M03,1/7/2024 17:00,299.14,310.62,2097,26.34,54.3
M03,1/7/2024 18:00,295.2,309.79,1467,36.91,56.1
M03,1/7/2024 19:00,298.08,305.44,1843,20.43,60.7
M03,1/7/2024 20:00,300.21,310.07,1658,54.23,59.5
M03,1/7/2024 21:00,298.66,309.9,1395,35.15,60.8
M03,1/7/2024 22:00,299.65,309.49,1504,49.37,59.9
M03,1/7/2024 23:00,295.38,309.5,1521,37.69,59.7
M03,1/8/2024 0:00,296.16,310.26,1856,28.43,246
M03,1/8/2024 1:00,297.65,310.72,1361,36.07,64.6
M03,1/8/2024 2:00,306.01,308.13,1443,61,64.8
M03,1/8/2024 3:00,295.64,309.23,1823,51.15,63.7
M03,1/8/2024 4:00,298.19,307.39,1311,48.58,67.3
M03,1/8/2024 5:00,300.37,309.2,1944,45.06,60.7
M03,1/8/2024 6:00,296.55,307.39,1797,39.17,64.1
M03,1/8/2024 7:00,301.28,308.45,2038,23.74,67.2
M03,1/8/2024 8:00,301.51,307.75,2136,48.86,63.8
M03,1/8/2024 9:00,300.3,305.33,1452,47.03,67.1
M03,1/8/2024 10:00,301.69,305.94,2221,20.15,70.8
M03,1/8/2024 11:00,298.03,309.1,2241,47.34,73.3
M03,1/8/2024 12:00,296.22,310.71,1412,33.56,70.9
M03,1/8/2024 13:00,298.53,307.69,1708,29.58,75.3
M03,1/8/2024 14:00,298.17,305.93,2045,41.09,75.3
M03,1/8/2024 15:00,300.9,308.83,1842,44.92,76.6
M03,1/8/2024 16:00,296.41,309.37,1795,44.03,77.2
M03,1/8/2024 17:00,299.97,311.83,1564,37.64,75.7
M03,1/8/2024 18:00,295.81,307.47,2183,40.4,78.9
M03,1/8/2024 19:00,299.72,311.26,2293,30.01,78.7
M03,1/8/2024 20:00,298.66,305.18,1497,21.86,71.6
M03,1/8/2024 21:00,300.5,311.88,1713,25.12,72.4
M03,1/8/2024 22:00,296.43,308.79,1934,48.49,73.5
M03,1/8/2024 23:00,300.18,311.05,2349,33.61,78.4
M03,1/9/2024 0:00,299.87,309.85,1296,52.43,77.9
M03,1/9/2024 1:00,301.83,307.19,2330,21.88,82.2
M03,1/9/2024 2:00,301.08,311.02,2107,49.05,84.7
M03,1/9/2024 3:00,299.53,310.29,2319,45.85,78.3
M03,1/9/2024 4:00,296.35,308.14,1352,26.54,78.8
M03,1/9/2024 5:00,297.64,308,2339,29.25,79.4
M03,1/9/2024 6:00,295.04,308.26,1517,21.4,87.9
M03,1/9/2024 7:00,300.42,309.38,1816,37.17,85.1
M03,1/9/2024 8:00,300.49,307.23,1650,53.49,85.3
M03,1/9/2024 9:00,296.12,308.8,2026,23.22,83.1
M03,1/9/2024 10:00,297.32,307.53,1647,53.26,87.8
M03,1/9/2024 11:00,298.93,310.26,1218,24.02,85.9
M03,1/9/2024 12:00,299.5,311.43,1699,53.56,90
M03,1/9/2024 13:00,301.41,311.61,1990,72.68,223
M03,1/9/2024 14:00,301.29,306.35,2252,22.88,85.6
M03,1/9/2024 15:00,300.41,308.73,1334,27.38,91.7
M03,1/9/2024 16:00,299.8,310.85,1621,38.82,93.2
M03,1/9/2024 17:00,300.43,309.53,1347,46.14,88.5
M03,1/9/2024 18:00,297.32,305.61,1311,26.23,90.2
M03,1/9/2024 19:00,300.75,311.38,2034,33.58,94.8
M03,1/9/2024 20:00,305.11,309.71,2295,20.21,96.4
M03,1/9/2024 21:00,298.52,307.03,1817,41.23,92.8
M03,1/9/2024 22:00,297.67,310.75,1263,36.59,96.1
M03,1/9/2024 23:00,297.74,310.58,2317,30.32,97.9
M03,1/10/2024 0:00,301.21,311.76,1964,53.51,92.4
M03,1/10/2024 1:00,295.99,305.29,2372,40.88,98.4
M03,1/10/2024 2:00,297.13,310.24,1904,27.41,102.9
M03,1/10/2024 3:00,296,306.29,1717,26.8,96.4
M03,1/10/2024 4:00,300.97,310.96,2324,36.14,100.8
M03,1/10/2024 5:00,295.47,305.69,2389,37.05,99.4
M03,1/10/2024 6:00,299.59,305.7,1342,51.5,100
M03,1/10/2024 7:00,299.31,307.14,2396,25.33,103.3
M03,1/10/2024 8:00,301.71,306.18,1841,28.62,100.6
M03,1/10/2024 9:00,298.05,310.88,1475,43.79,102.4
M03,1/10/2024 10:00,298.12,310.42,2197,39.31,101.6
M03,1/10/2024 11:00,300.89,311.01,1486,51.2,102.6
M03,1/10/2024 12:00,299.39,310.09,1238,49.74,107.7
M03,1/10/2024 13:00,299.05,310.38,1635,51.72,107.7
M03,1/10/2024 14:00,301.99,308.3,1504,32.8,105.2
M03,1/10/2024 15:00,300.13,307.04,2151,37.54,104.6
M03,1/10/2024 16:00,295.07,306.67,1539,46.5,105.8
M03,1/10/2024 17:00,298.96,308.96,1499,45.76,110
M03,1/10/2024 18:00,296.53,308.41,1328,29.25,108.3
M03,1/10/2024 19:00,307.26,310.54,2819,36.44,111.3
M03,1/10/2024 20:00,299.05,308.99,1971,42.88,111.1
M03,1/10/2024 21:00,300.85,308.62,1970,54.04,110.5
M03,1/10/2024 22:00,300.72,307.42,2187,51.05,109.1
M03,1/10/2024 23:00,298.08,306.61,2253,42.52,111.9
M03,1/11/2024 0:00,297.54,310.02,1442,43.14,114.7
M03,1/11/2024 1:00,295.79,309.73,2181,27.37,112.9
M03,1/11/2024 2:00,295.16,305.3,2374,40.73,113.4
M03,1/11/2024 3:00,301.24,306.03,1540,29.04,114.6
M03,1/11/2024 4:00,299.2,308.95,1238,50.75,120.8
M03,1/11/2024 5:00,301.63,306.52,2165,50.36,116
M03,1/11/2024 6:00,299.21,310.56,1572,41.81,120.2
M03,1/11/2024 7:00,299.8,311.46,1340,28.04,119.7
M03,1/11/2024 8:00,296.42,311.02,2232,43.95,124.9
M03,1/11/2024 9:00,296.24,311.31,1279,50.72,122.7
M03,1/11/2024 10:00,295.65,309.62,2304,48.96,127.1
M03,1/11/2024 11:00,299.54,308.65,1958,50.62,125.9
M03,1/11/2024 12:00,301.57,308.37,1980,32.27,127.7
M03,1/11/2024 13:00,300.86,309.03,2071,24.69,125.2
M03,1/11/2024 14:00,301.01,306.98,2313,34.3,123.1
M03,1/11/2024 15:00,300.53,309.05,1441,38.19,125.7
M03,1/11/2024 16:00,300.63,307.86,1418,25.42,129.2
M03,1/11/2024 17:00,300.98,307.96,1948,41.42,133.4
M03,1/11/2024 18:00,296.43,308.86,2341,36.89,127.9
M03,1/11/2024 19:00,296.78,307.15,1905,47.1,128.9
M03,1/11/2024 20:00,301.05,305.83,1670,35.63,132.7
M03,1/11/2024 21:00,296.5,307.8,1893,48.03,132.6
M03,1/11/2024 22:00,295.36,307.72,1210,48.15,135.5
M03,1/11/2024 23:00,299.2,305.62,2608,83.7,128.8
M03,1/12/2024 0:00,300.74,309.48,2099,20.37,137.3
M03,1/12/2024 1:00,298.63,306.36,2245,38.05,131.8
M03,1/12/2024 2:00,295.25,306.67,1200,54.15,131.1
M03,1/12/2024 3:00,297.8,309.69,2030,40.51,136.2
M03,1/12/2024 4:00,295.48,305.63,1782,45.41,137.4
M03,1/12/2024 5:00,297.43,310.71,1663,41.22,134.5
M03,1/12/2024 6:00,299.02,306.83,2033,37.72,138.9
M03,1/12/2024 7:00,297.38,305.82,2251,53.48,142.8
M03,1/12/2024 8:00,299.02,309.86,1972,39.71,142.5
M03,1/12/2024 9:00,301.73,308.21,2143,51.38,144.2
M03,1/12/2024 10:00,296.8,307.68,1651,43.69,138.7
M03,1/12/2024 11:00,301.69,308.62,1219,44.53,139.8
M03,1/12/2024 12:00,297.79,310.24,1900,22.66,147.2
M03,1/12/2024 13:00,297.47,311.26,1751,26.4,146.1
M03,1/12/2024 14:00,296.33,310.16,1680,45.74,148.1
M03,1/12/2024 15:00,296.42,306.75,1929,25.46,141.2
M03,1/12/2024 16:00,299.73,309.64,3054,46.75,241
M03,1/12/2024 17:00,301.08,308.44,2246,29.81,143.9
M03,1/12/2024 18:00,295.38,310.59,2179,52.89,142.8
M03,1/12/2024 19:00,301.02,310.43,2136,54.18,150.2
M03,1/12/2024 20:00,299.82,305.08,1631,33.28,145
M03,1/12/2024 21:00,301.03,306.31,1738,28.3,149.4
M03,1/12/2024 22:00,297.56,308.49,1631,34.67,153
M03,1/12/2024 23:00,297.8,308.16,2370,24.59,152
M03,1/13/2024 0:00,295.7,306.89,1682,39.44,155.6
M03,1/13/2024 1:00,300.6,310.17,2168,48.2,149.5
M03,1/13/2024 2:00,301.97,310.95,2258,38.69,151.7
M03,1/13/2024 3:00,305.52,311.01,1297,69.03,156.2
M03,1/13/2024 4:00,297.53,308.92,1727,32.04,154.2
M03,1/13/2024 5:00,299.76,309.24,2381,40.16,157.3
M03,1/13/2024 6:00,300.46,307.49,2245,37.06,158.9
M03,1/13/2024 7:00,297.67,307.01,1496,50.39,158.7
M03,1/13/2024 8:00,297.95,309.29,2028,49.71,153.8
M03,1/13/2024 9:00,296.6,307.22,1796,44.87,159.9
M03,1/13/2024 10:00,301.21,310.47,1943,46.18,159.8
M03,1/13/2024 11:00,296.17,310.98,1456,45.47,162
M03,1/13/2024 12:00,299.9,305.56,1541,33.9,157.1
M03,1/13/2024 13:00,298.31,305.38,2013,38.34,166.8
M03,1/13/2024 14:00,299.33,305.59,1998,30.83,160.1
M03,1/13/2024 15:00,299.39,305.92,1549,21,165
M03,1/13/2024 16:00,297.28,308.33,2307,52.72,164.6
M03,1/13/2024 17:00,301.64,308.78,2135,42.09,166.3
M03,1/13/2024 18:00,298.66,309.48,1834,51.81,165.5
M03,1/13/2024 19:00,295.63,307.16,2843,29.09,164.5
M03,1/13/2024 20:00,298.28,318.68,2932,53.14,167
M03,1/13/2024 21:00,296.32,311.18,2095,33.82,164.6
M03,1/13/2024 22:00,297.73,307.65,1738,22.77,170
M03,1/13/2024 23:00,300.6,309.29,1756,29.96,171.9
M03,1/14/2024 0:00,297.89,310.97,1573,24.78,166.3
M03,1/14/2024 1:00,298.17,319.82,2207,26.57,166.2
M03,1/14/2024 2:00,296.97,305.88,2097,45.45,169.1
M03,1/14/2024 3:00,298.46,307.39,1838,47.5,172.5
M03,1/14/2024 4:00,304.32,305.22,1364,82.5,177.8
M03,1/14/2024 5:00,296.75,307.67,1225,24.27,176.7
M03,1/14/2024 6:00,300.4,308.1,1268,26.97,177.2
M03,1/14/2024 7:00,299.66,306.46,1996,43.85,173.7
M03,1/14/2024 8:00,299.4,305.3,2325,38.23,173.9
M03,1/14/2024 9:00,296.39,311.21,1646,54.06,174.4
M03,1/14/2024 10:00,295.11,310.56,2397,24.19,255
M03,1/14/2024 11:00,299.84,309.82,1517,33,174.5
M03,1/14/2024 12:00,295.64,309.33,1322,22.09,180.8
M03,1/14/2024 13:00,300.54,305.88,1676,31.09,180.7
M03,1/14/2024 14:00,297.43,311.24,1595,20.75,179.7
M03,1/14/2024 15:00,296.75,305.28,2096,39.57,182.1
M03,1/14/2024 16:00,298.97,308.81,1862,45.63,180.2
M03,1/14/2024 17:00,301.4,308.88,1341,38.59,182.7
M03,1/14/2024 18:00,298.79,315.58,2236,33.27,209
M03,1/14/2024 19:00,299.61,308.77,1993,26.65,186.5
M03,1/14/2024 20:00,296.08,306.98,2039,42.43,181.5
M03,1/14/2024 21:00,295.47,310.85,1465,26.25,181.5
M03,1/14/2024 22:00,296.34,305.22,1995,43.03,187.2
M03,1/14/2024 23:00,296.79,307.56,1345,20.46,190
M03,1/15/2024 0:00,301.5,310.82,2158,48.04,184.1
M03,1/15/2024 1:00,301.57,307.91,1955,47.8,184.8
M04,1/6/2024 16:00,295.28,305.49,1822,22.73,0
M04,1/6/2024 17:00,295.71,306.62,1989,26.63,1
M04,1/6/2024 18:00,299.38,306.25,2343,34.53,0
M04,1/6/2024 19:00,297.51,308.21,2074,50.9,0
M04,1/6/2024 20:00,297.81,307.36,1523,38.69,4
M04,1/6/2024 21:00,301.32,308.85,1864,49.57,2.9
M04,1/6/2024 22:00,300.78,307.26,1692,39.71,1.7
M04,1/6/2024 23:00,301.48,306.78,2126,35.66,4.3
M04,1/7/2024 0:00,301.88,319.06,2260,24.73,10
M04,1/7/2024 1:00,295.15,310.75,1765,52.17,7
M04,1/7/2024 2:00,299,305.66,2142,32.45,4
M04,1/7/2024 3:00,299.08,306.63,1815,23.22,7.4
M04,1/7/2024 4:00,300.14,310.07,2188,26.05,12.4
M04,1/7/2024 5:00,299.03,311.35,1815,21.31,13
M04,1/7/2024 6:00,300.46,311.45,1884,32.18,13.8
M04,1/7/2024 7:00,301.07,311.09,1664,46.17,14.9
M04,1/7/2024 8:00,299.44,309.43,1310,30.67,7.6
M04,1/7/2024 9:00,296.05,308.52,1652,25.36,14.7
M04,1/7/2024 10:00,301.8,310.27,2378,37.67,10.9
M04,1/7/2024 11:00,297.76,305.93,1369,36.65,16.9
M04,1/7/2024 12:00,296.84,307.79,2089,47.08,11.5
M04,1/7/2024 13:00,298.92,308.42,2370,26.86,17.1
M04,1/7/2024 14:00,296.72,305.5,2080,31.32,21
M04,1/7/2024 15:00,299.7,307.96,1913,26.67,15.9
M04,1/7/2024 16:00,300.39,306.18,1916,41.57,23.1
M04,1/7/2024 17:00,296.02,305.31,1678,26.99,17.7
M04,1/7/2024 18:00,300.97,305.79,1311,28.51,21
M04,1/7/2024 19:00,300.83,307.01,1903,44.28,16.6
M04,1/7/2024 20:00,295.16,306.46,2301,27.42,21.7
M04,1/7/2024 21:00,298.84,309.36,1489,44.33,23.7
M04,1/7/2024 22:00,301.34,308.69,1723,25.96,20.6
M04,1/7/2024 23:00,299.33,305.37,1217,22.33,25.2
M04,1/8/2024 0:00,301.39,307.52,1420,20.67,28
M04,1/8/2024 1:00,296.62,307.66,1403,51.64,24.9
M04,1/8/2024 2:00,295.62,306.39,2952,78.87,28
M04,1/8/2024 3:00,295.13,309.79,1927,41.88,24
M04,1/8/2024 4:00,298.51,310.68,1727,50.75,31.3
M04,1/8/2024 5:00,295.21,308.88,1773,27.9,26.5
M04,1/8/2024 6:00,295.96,310.11,2266,53.62,30
M04,1/8/2024 7:00,296.59,306.68,1512,34.93,27.8
M04,1/8/2024 8:00,298.14,305.92,1483,40.34,32.2
M04,1/8/2024 9:00,295.97,309.82,2272,51.83,30.5
M04,1/8/2024 10:00,300.39,309.59,2356,52.1,30.1
M04,1/8/2024 11:00,301.64,305.83,1850,68.28,252
M04,1/8/2024 12:00,301.54,311.26,1760,25.32,30.3
M04,1/8/2024 13:00,295.18,311.9,1746,41.2,35.3
M04,1/8/2024 14:00,296.62,305.18,1362,44.08,34.7
M04,1/8/2024 15:00,299.23,309.98,1965,26.44,34.6
M04,1/8/2024 16:00,296.15,306.58,2036,46.76,31.6
M04,1/8/2024 17:00,297.89,310.2,1615,46.52,32.9
M04,1/8/2024 18:00,301.9,311.07,2203,44.08,41.7
M04,1/8/2024 19:00,297.99,310.43,1979,45.21,37.7
M04,1/8/2024 20:00,299,308.75,1278,38.22,39
M04,1/8/2024 21:00,304.35,311.97,2262,38.83,233
M04,1/8/2024 22:00,297.79,307.13,1785,36.15,40.3
M04,1/8/2024 23:00,295.38,308.62,1491,36.23,43.3
M04,1/9/2024 0:00,298.5,306.26,2398,52.82,44.5
M04,1/9/2024 1:00,297.89,308.16,1566,35.88,47.3
M04,1/9/2024 2:00,301.18,305.63,1863,44.21,48.2
M04,1/9/2024 3:00,300.03,305.86,1433,44.72,46.2
M04,1/9/2024 4:00,299.95,310.09,2247,41.42,42.2
M04,1/9/2024 5:00,295.31,306.2,1886,39.79,48
M04,1/9/2024 6:00,301.08,306.25,1305,34.69,45.2
M04,1/9/2024 7:00,305.74,309.39,1440,72.97,52.5
M04,1/9/2024 8:00,300.65,309.26,2210,28.33,49.5
M04,1/9/2024 9:00,297.87,305.56,1213,28.56,49.9
M04,1/9/2024 10:00,298.9,310.78,1300,26.47,45.7
M04,1/9/2024 11:00,296.02,305.23,2383,49.33,48.9
M04,1/9/2024 12:00,295.34,307.92,1565,25.65,49.5
M04,1/9/2024 13:00,299.9,309.01,2351,26.21,52
M04,1/9/2024 14:00,301.52,305.65,1812,31.3,57.2
M04,1/9/2024 15:00,300.31,310.9,1332,30.25,50.3
M04,1/9/2024 16:00,296.92,308.69,2274,78.38,51.8
M04,1/9/2024 17:00,299.23,310.52,1788,34.95,59
M04,1/9/2024 18:00,299.03,309.36,1465,41.5,56.2
M04,1/9/2024 19:00,298.48,310.66,1676,76.01,61.8
M04,1/9/2024 20:00,295.83,310.94,2049,34.49,56.1
M04,1/9/2024 21:00,299.46,305.08,1612,44.15,56.1
M04,1/9/2024 22:00,297.1,308.85,1212,23.98,57.6
M04,1/9/2024 23:00,298.98,311.72,1559,26.79,63.4
M04,1/10/2024 0:00,298.35,308.32,1272,42.6,60.6
M04,1/10/2024 1:00,301.24,308.76,1886,36.19,64.7
M04,1/10/2024 2:00,295.39,308.65,2357,45.37,60.5
M04,1/10/2024 3:00,296.46,309.8,1924,22.32,59.6
M04,1/10/2024 4:00,297.37,307.63,2294,49.48,64.5
M04,1/10/2024 5:00,307.45,311.05,1831,69.92,62.7
M04,1/10/2024 6:00,300.81,307.12,2275,30.58,61.5
M04,1/10/2024 7:00,300.44,311.39,2108,37.71,69.1
M04,1/10/2024 8:00,296.08,307.38,2190,45.64,67.1
M04,1/10/2024 9:00,296,311.1,2257,43.69,64
M04,1/10/2024 10:00,298.22,310,3028,24.05,66.5
M04,1/10/2024 11:00,301.22,305.72,1839,20.79,71.7
M04,1/10/2024 12:00,296.47,306.4,1786,29.68,68.1
M04,1/10/2024 13:00,295.82,306.05,1760,24.01,75.3
M04,1/10/2024 14:00,295.72,308.8,2325,31.15,67.9
M04,1/10/2024 15:00,296.98,306.71,1345,30.9,76.1
M04,1/10/2024 16:00,295.36,305.2,1303,23.71,68.5
M04,1/10/2024 17:00,296.25,309.17,2113,41.57,71.8
M04,1/10/2024 18:00,299.99,309.7,2292,22.75,78.7
M04,1/10/2024 19:00,298.97,305.65,2159,23.4,73.3
M04,1/10/2024 20:00,300.37,308.29,1658,25.03,80
M04,1/10/2024 21:00,297.54,306.28,1876,47.61,80.6
M04,1/10/2024 22:00,295.21,308.33,1919,36.75,81
M04,1/10/2024 23:00,297.44,309.02,2240,23.6,81.5
M04,1/11/2024 0:00,297.28,309.55,1818,38.65,78
M04,1/11/2024 1:00,299.35,308.84,2187,33.43,78.2
M04,1/11/2024 2:00,299.14,310.49,2091,39.85,79
M04,1/11/2024 3:00,296.21,309.69,2375,49.29,77.5
M04,1/11/2024 4:00,297.28,305.68,2111,26.17,86.6
M04,1/11/2024 5:00,295.76,319.27,1976,31.46,84.3
M04,1/11/2024 6:00,301.32,309.45,1200,46.5,85.2
M04,1/11/2024 7:00,297.04,309.31,2115,26.85,86.2
M04,1/11/2024 8:00,298.99,311.39,1823,52.15,89.5
M04,1/11/2024 9:00,301.41,311.93,2393,20.28,90.7
M04,1/11/2024 10:00,307.4,307.06,2790,51.54,91.3
M04,1/11/2024 11:00,298.02,309.13,1851,44.91,86.5
M04,1/11/2024 12:00,296.48,306.21,1484,26.59,87
M04,1/11/2024 13:00,300.88,314.05,1457,76.41,84.6
M04,1/11/2024 14:00,297.91,308.19,2071,41.81,89.2
M04,1/11/2024 15:00,300.74,307.69,1662,26.5,91.5
M04,1/11/2024 16:00,300.93,306.66,2227,29.42,95.5
M04,1/11/2024 17:00,295.23,305.27,2189,44.67,88.1
M04,1/11/2024 18:00,299.83,305.99,2278,54.43,97.6
M04,1/11/2024 19:00,298.25,305.55,1381,28.58,94.8
M04,1/11/2024 20:00,305.61,309.79,2304,47.93,237
M04,1/11/2024 21:00,301.34,309.02,1878,34.74,99.6
M04,1/11/2024 22:00,297.02,317.22,1822,45.44,247
M04,1/11/2024 23:00,301.93,310.66,1255,30.04,92.3
M04,1/12/2024 0:00,300.96,306.94,1471,41.55,95
M04,1/12/2024 1:00,300.19,309.23,1509,43.07,96.7
M04,1/12/2024 2:00,300.48,306.65,1570,47.98,102.4
M04,1/12/2024 3:00,295.59,306.02,1515,49.32,102.1
M04,1/12/2024 4:00,297.68,309.62,1542,27.38,102.7
M04,1/12/2024 5:00,299.5,310.29,1437,21.84,100.7
M04,1/12/2024 6:00,298.33,311.64,2290,28.18,103.7
M04,1/12/2024 7:00,296.84,308.71,2090,20.42,106.9
M04,1/12/2024 8:00,299.75,311.73,1284,23.41,103.7
M04,1/12/2024 9:00,300.91,309.27,1758,31.72,101.8
M04,1/12/2024 10:00,299.58,307.74,1695,45.7,105.8
M04,1/12/2024 11:00,305.35,309.83,1568,30.96,100.7
M04,1/12/2024 12:00,298.68,309.8,1919,27.68,104.2
M04,1/12/2024 13:00,295.17,305.64,1644,53.27,108.5
M04,1/12/2024 14:00,295.84,311,1466,33.16,110.6
M04,1/12/2024 15:00,300.62,306.29,1427,44.35,106.2
M04,1/12/2024 16:00,301.55,309.47,1766,46.93,111.4
M04,1/12/2024 17:00,300.39,306.8,1351,29.71,105.8
M04,1/12/2024 18:00,301.97,306.81,1742,26.23,106.7
M04,1/12/2024 19:00,296.4,307.75,2207,23.8,112.1
M04,1/12/2024 20:00,299.3,305.74,2104,45.04,108.5
M04,1/12/2024 21:00,299,306.75,2113,20.66,113.2
M04,1/12/2024 22:00,295.01,305.26,1999,29.33,116
M04,1/12/2024 23:00,299.02,308.61,2204,36.73,113.8
M04,1/13/2024 0:00,300.69,305.49,1662,20.12,120.1
M04,1/13/2024 1:00,298.37,308.97,3097,31.67,114.3
M04,1/13/2024 2:00,300.97,307.38,2141,46.62,114.9
M04,1/13/2024 3:00,298.88,311.77,1591,30.46,116.7
M04,1/13/2024 4:00,299.82,308.41,2096,45.74,115
M04,1/13/2024 5:00,300.04,309.15,2201,33.61,122.2
M04,1/13/2024 6:00,298.5,311.75,2120,53.83,115.2
M04,1/13/2024 7:00,297.36,310.05,2030,24.14,123.9
M04,1/13/2024 8:00,298.21,309.75,2298,25.21,122.4
M04,1/13/2024 9:00,304.28,305.99,1239,36.49,126.5
M04,1/13/2024 10:00,295.35,307.15,1399,35.97,119.8
M04,1/13/2024 11:00,300.72,305.74,2218,69.1,125
M04,1/13/2024 12:00,300.85,310.17,2023,31.35,129.4
M04,1/13/2024 13:00,295.96,310.85,1636,46.75,126.3
M04,1/13/2024 14:00,295.85,305.99,2050,25.88,124.9
M04,1/13/2024 15:00,296.71,309.07,1473,23.5,130.4
M04,1/13/2024 16:00,300.44,305.11,2197,22.83,122.8
M04,1/13/2024 17:00,299.95,309.16,1781,34.57,131.5
M04,1/13/2024 18:00,299.85,306.44,1754,38.31,128.3
M04,1/13/2024 19:00,299.27,305.26,1568,45.1,131.1
M04,1/13/2024 20:00,300.79,307.11,2057,20.16,128.1
M04,1/13/2024 21:00,298.71,305.67,1941,50.2,136.3
M04,1/13/2024 22:00,298.25,309.39,1626,29.67,129.2
M04,1/13/2024 23:00,299.8,311.78,2171,37.41,129.6
M04,1/14/2024 0:00,295.38,307.55,1629,35.21,132.1
M04,1/14/2024 1:00,300.31,305.3,1307,52.37,131.3
M04,1/14/2024 2:00,298.4,305.81,1681,45.25,136.2
M04,1/14/2024 3:00,296.39,309.74,1867,28.05,132.1
M04,1/14/2024 4:00,296.66,307.89,1609,33.14,134
M04,1/14/2024 5:00,298.39,311.23,1496,27.57,138.7
M04,1/14/2024 6:00,297.61,308.2,1597,42.12,143.1
M04,1/14/2024 7:00,295.89,309.85,1322,29.82,135.2
M04,1/14/2024 8:00,297.93,310.32,1650,51.02,140.9
M04,1/14/2024 9:00,299.47,309.28,1548,40.23,141.1
M04,1/14/2024 10:00,297.88,308.65,1643,40.71,144.7
M04,1/14/2024 11:00,300.11,310.15,1705,28.67,141.5
M04,1/14/2024 12:00,305.42,311.62,2374,51.44,230
M04,1/14/2024 13:00,298.35,310.59,1400,35.84,141
M04,1/14/2024 14:00,295.09,310.12,1646,24.64,142.4
M04,1/14/2024 15:00,295.64,308.36,1824,25.66,144.8
M04,1/14/2024 16:00,299.09,311.83,2149,47.01,149.7
M04,1/14/2024 17:00,300.53,307.59,2150,44.64,141.7
M04,1/14/2024 18:00,297.69,309.84,2287,21.14,146.7
M04,1/14/2024 19:00,301.62,308.8,1624,47.57,144
M04,1/14/2024 20:00,300.15,305.38,1945,51.08,145.1
M04,1/14/2024 21:00,299.33,307.56,1558,42.69,151.8
M04,1/14/2024 22:00,300.42,305.97,1885,28.35,146.6
M04,1/14/2024 23:00,301.57,309.06,1629,46.36,153.8
M04,1/15/2024 0:00,301.29,308.52,2066,29.7,147.6
M04,1/15/2024 1:00,298.4,308.69,1451,36.46,153.1
M04,1/15/2024 2:00,301.3,308.16,1953,48,158
M04,1/15/2024 3:00,301.59,305.46,2137,23.06,153.2
M04,1/15/2024 4:00,301.71,305.54,1537,29.66,157
M04,1/15/2024 5:00,301.12,308.64,1246,30.26,160.5
M04,1/15/2024 6:00,295.92,307.43,2109,45.82,151.8
M04,1/15/2024 7:00,295.15,310.61,2264,42.56,156.4
M04,1/15/2024 8:00,299.52,307.28,2285,49.47,157.5
M04,1/15/2024 9:00,295.92,310.53,1551,47.62,156.1
M04,1/15/2024 10:00,297.02,310.92,1503,32.36,159.2
M04,1/15/2024 11:00,301.47,309.98,1784,26.38,157.1
M04,1/15/2024 12:00,301.33,310.56,1530,28.33,156.5
M04,1/15/2024 13:00,295.89,306.82,1577,27.18,164
M04,1/15/2024 14:00,301.85,306.04,2118,38.9,159.3
M04,1/15/2024 15:00,301.44,307.83,2222,46.9,167.9
M04,1/15/2024 16:00,296.09,311.79,2318,54.15,162.5
M04,1/15/2024 17:00,298.32,307.03,2374,43.34,167.9
M04,1/15/2024 18:00,301.46,307.37,1430,45.61,169.7
M04,1/15/2024 19:00,298.86,307.16,2022,41.61,163.6
M04,1/15/2024 20:00,297.28,309.26,1599,40.42,164.4
M04,1/15/2024 21:00,296.95,305.16,2302,49.73,169.7
M04,1/15/2024 22:00,301.83,307.76,2204,31.12,169.8
M04,1/15/2024 23:00,301.36,307.53,1502,45.06,168.8
M04,1/16/2024 0:00,295.09,307.41,1830,54.21,174
M04,1/16/2024 1:00,300.09,308.11,2051,48.13,168.9
M04,1/16/2024 2:00,301.79,307.97,2048,24.88,172.6
M04,1/16/2024 3:00,296.45,308.32,2275,54.53,168.2
M04,1/16/2024 4:00,300.29,305.62,2038,42.36,171
M04,1/16/2024 5:00,298.23,308.98,1480,26.97,177.4
M04,1/16/2024 6:00,298.43,310.76,1818,49.21,172.8
M04,1/16/2024 7:00,298.24,305.19,1205,25.39,173.6
M04,1/16/2024 8:00,299.46,305.87,1789,34.6,176.2
M04,1/16/2024 9:00,296.71,305.84,1767,37.26,181.8
M04,1/16/2024 10:00,297.53,308.36,2093,50.39,179.1
M04,1/16/2024 11:00,299.86,305.84,2249,45.65,173.8
M04,1/16/2024 12:00,299.07,306.02,2144,50.74,175.7
M04,1/16/2024 13:00,296.91,307.94,1929,21.71,178
M04,1/16/2024 14:00,295.54,306.36,1575,46.76,181.9
M04,1/16/2024 15:00,297.26,307.21,1816,29.5,183.6
M04,1/16/2024 16:00,298.74,307.46,1494,20.45,182.6
M04,1/16/2024 17:00,298.39,307.38,1533,23.58,179.7
M04,1/16/2024 18:00,296.32,311.28,2276,49.61,186
M04,1/16/2024 19:00,300.62,307.92,2692,24.08,257
M04,1/16/2024 20:00,298.09,311.91,2271,46.73,183.9
M04,1/16/2024 21:00,295.2,310.7,1655,24.51,188.1
M04,1/16/2024 22:00,297.15,306.47,1360,34.87,189.6
M04,1/16/2024 23:00,295.13,308.39,2083,21.49,183.8
M04,1/17/2024 0:00,298.59,305.41,1443,51.8,183.9
M04,1/17/2024 1:00,295.07,305.68,1453,52.2,186.3
M05,1/3/2024 0:00,299.69,305.2,1498,49.61,4.4
M05,1/3/2024 1:00,297.43,306.12,2225,47.33,1.9
M05,1/3/2024 2:00,295.48,310.74,1228,38.51,3.7
M05,1/3/2024 3:00,296.2,310.28,1208,54.08,0
M05,1/3/2024 4:00,298.53,309.95,1950,44.43,0
M05,1/3/2024 5:00,295.75,310.84,1977,34.84,3.9
M05,1/3/2024 6:00,300.33,307.2,2154,23.86,0.9
M05,1/3/2024 7:00,299.93,308.9,1283,22.88,5.3
M05,1/3/2024 8:00,298.2,310.15,2109,27.91,5.2
M05,1/3/2024 9:00,305.47,311,2174,76.81,5.5
M05,1/3/2024 10:00,295.6,306,2020,44.33,12.4
M05,1/3/2024 11:00,301.25,306.18,1944,54.13,6.7
M05,1/3/2024 12:00,301.93,305.86,2069,45.38,6.9
M05,1/3/2024 13:00,299.07,306.91,2019,32.46,11.5
M05,1/3/2024 14:00,301.91,308.58,1501,46.88,6.7
M05,1/3/2024 15:00,298.48,309.4,1475,21.04,13.8
M05,1/3/2024 16:00,298.49,305.19,1566,33.39,14
M05,1/3/2024 17:00,299.35,305.67,1356,43.14,13.1
M05,1/3/2024 18:00,298.26,307.05,2219,37.16,11.3
M05,1/3/2024 19:00,301.02,308.83,1264,54.67,18.2
M05,1/3/2024 20:00,298.15,310.97,2106,36.09,10.5
M05,1/3/2024 21:00,301.02,307.12,1536,37.2,12.3
M05,1/3/2024 22:00,298.41,305.77,2204,43.1,18.6
M05,1/3/2024 23:00,298.33,310.98,2237,21.95,15.1
M05,1/4/2024 0:00,306.94,309.74,2899,31.22,13.5
M05,1/4/2024 1:00,297.66,308,1931,34.42,14.6
M05,1/4/2024 2:00,296.64,307.18,1373,51.86,15.4
M05,1/4/2024 3:00,297.36,305.14,1867,21.31,22.1
M05,1/4/2024 4:00,298.6,307.95,1241,44.36,22.2
M05,1/4/2024 5:00,297.64,307.73,2372,23.42,21.9
M05,1/4/2024 6:00,296.44,308.48,1895,25.83,20.8
M05,1/4/2024 7:00,296.41,309.45,1354,49.41,23.9
M05,1/4/2024 8:00,295.33,311.97,2023,48.16,25.6
M05,1/4/2024 9:00,300.02,309.05,1889,29.57,25.7
M05,1/4/2024 10:00,297.99,307.43,1357,42.8,23.9
M05,1/4/2024 11:00,298.03,308.78,1609,34.5,24.1
M05,1/4/2024 12:00,299.7,308.83,1238,41.97,27.5
M05,1/4/2024 13:00,298.49,309.63,2157,29.38,29.5
M05,1/4/2024 14:00,300.97,311.35,2359,45.43,24.5
M05,1/4/2024 15:00,298.24,306.68,1814,49.54,28.7
M05,1/4/2024 16:00,301.38,309.44,2044,29.34,28.3
M05,1/4/2024 17:00,299.81,306.65,1688,23.97,28.1
M05,1/4/2024 18:00,300.79,308.25,2346,54.7,31.1
M05,1/4/2024 19:00,296.41,306.91,1259,29.04,35.7
M05,1/4/2024 20:00,296.23,310.97,2195,47.38,29
M05,1/4/2024 21:00,297.2,307.09,1330,51.52,33.3
M05,1/4/2024 22:00,299.6,305.63,1487,28.26,35.7
M05,1/4/2024 23:00,295.84,309.65,2388,53.24,40
M05,1/5/2024 0:00,301.19,306.67,1450,47.06,34.6
M05,1/5/2024 1:00,300.16,310.64,1683,52.74,34.4
M05,1/5/2024 2:00,296.5,306.92,2036,28.9,38.9
M05,1/5/2024 3:00,297.62,311.64,1848,39.1,38.5
M05,1/5/2024 4:00,296.94,310.49,1496,32.7,41.7
M05,1/5/2024 5:00,295.15,311.77,1271,49.45,41.9
M05,1/5/2024 6:00,299.83,310.52,1690,28.85,39.9
M05,1/5/2024 7:00,299.9,311.32,1449,38.72,39.2
M05,1/5/2024 8:00,295.06,311.73,1723,30.53,46.9
M05,1/5/2024 9:00,297.08,311.02,1528,52.06,44.6
M05,1/5/2024 10:00,300.37,307.84,1269,29.59,39.9
M05,1/5/2024 11:00,298.44,310.16,1881,45.11,48.6
M05,1/5/2024 12:00,300.77,309.89,2236,22.32,44.8
M05,1/5/2024 13:00,298.83,307.29,1256,46.67,47.8
M05,1/5/2024 14:00,298.1,309.49,1206,34.02,48.4
M05,1/5/2024 15:00,295.58,306.1,2257,44.97,50.6
M05,1/5/2024 16:00,295.91,309.16,2040,47.74,46.8
M05,1/5/2024 17:00,300.15,306.82,1870,47.98,46.4
M05,1/5/2024 18:00,296.27,311.13,2368,27.86,54.6
M05,1/5/2024 19:00,299.53,309.39,1382,54.09,47.9
M05,1/5/2024 20:00,296.18,307.81,2078,41.01,48.2
M05,1/5/2024 21:00,296.19,308.97,1228,45.15,51.8
M05,1/5/2024 22:00,298.18,309.72,1442,27.86,50.2
M05,1/5/2024 23:00,300.69,306.86,2212,33.37,53.3
M05,1/6/2024 0:00,296.51,310.77,1587,34.64,53.8
M05,1/6/2024 1:00,297.03,306.83,2123,51.76,54.2
M05,1/6/2024 2:00,298.21,305.07,1472,50.5,61
M05,1/6/2024 3:00,296.49,307.68,2066,45.76,54.6
M05,1/6/2024 4:00,295.41,307.33,1680,36.48,56.3
M05,1/6/2024 5:00,299.7,310.62,1293,20.19,58.6
M05,1/6/2024 6:00,301.84,309.7,1470,53.88,59.9
M05,1/6/2024 7:00,296.82,308.53,1894,50.73,56.4
M05,1/6/2024 8:00,298.71,305.99,1439,30.96,65.6
M05,1/6/2024 9:00,301.81,306.97,1938,52.42,59.4
M05,1/6/2024 10:00,299.29,310.33,1740,38.09,61.7
M05,1/6/2024 11:00,300.16,308.44,1509,39.45,67.3
M05,1/6/2024 12:00,298.08,306.32,1311,28.05,59.2
M05,1/6/2024 13:00,299.94,308.06,2213,21.43,63.2
M05,1/6/2024 14:00,298.4,308.45,1503,24.33,61.3
M05,1/6/2024 15:00,296.26,306.18,2241,48.79,66.8
M05,1/6/2024 16:00,296.49,311.99,1208,38.41,67.6
M05,1/6/2024 17:00,295.54,310.38,1393,51.06,62.9
M05,1/6/2024 18:00,299.76,307.76,1417,49.29,64.9
M05,1/6/2024 19:00,300.81,309.62,2129,41.99,66.9
M05,1/6/2024 20:00,297.31,305.31,2127,31.37,72.2
M05,1/6/2024 21:00,301.7,308.98,1632,50.21,73.7
M05,1/6/2024 22:00,300.59,310.21,2320,53.32,70.3
M05,1/6/2024 23:00,296.25,311.76,2016,23.12,75.7
M05,1/7/2024 0:00,300.46,306.99,1515,24.22,72.9
M05,1/7/2024 1:00,300.64,307.17,1468,32.57,69.7
M05,1/7/2024 2:00,296.4,308.12,1994,36.68,75.1
M05,1/7/2024 3:00,300.3,317.71,1581,78.13,74.5
M05,1/7/2024 4:00,301.51,308.69,2274,22.94,75.7
M05,1/7/2024 5:00,300.61,307.1,1461,43.95,74.8
M05,1/7/2024 6:00,297.99,308.98,2328,22.68,73
M05,1/7/2024 7:00,297.97,305.66,2364,48.45,76.8
M05,1/7/2024 8:00,300.38,305.11,2147,26.28,75.9
M05,1/7/2024 9:00,295.58,311.14,1809,30.99,82
M05,1/7/2024 10:00,298.15,310.65,1899,53.84,84.3
M05,1/7/2024 11:00,296.3,310.23,1731,50.51,77.4
M05,1/7/2024 12:00,295.04,305.82,1551,42.95,81.7
M05,1/7/2024 13:00,299.6,310.21,2196,30.6,86
M05,1/7/2024 14:00,299.83,311.74,2008,48.16,79.5
M05,1/7/2024 15:00,296.34,310.71,1585,50.07,81.5
M05,1/7/2024 16:00,299.55,308.05,2303,26.68,83.1
M05,1/7/2024 17:00,298.32,305.15,1540,51.58,88.3
M05,1/7/2024 18:00,298.4,305.14,2120,40.48,83.7
M05,1/7/2024 19:00,300.84,305.36,1216,23.59,90.9
M05,1/7/2024 20:00,297.91,308.47,2385,40.85,88.7
M05,1/7/2024 21:00,304.71,308.4,2199,28.12,246
M05,1/7/2024 22:00,297.92,308.31,2213,41.79,91.1
M05,1/7/2024 23:00,298.05,306.13,1593,36.42,89.8
M05,1/8/2024 0:00,299.11,309.79,2159,24.59,89.1
M05,1/8/2024 1:00,301.72,310.83,1937,47.86,95
M05,1/8/2024 2:00,299.35,306.98,1376,43.35,89
M05,1/8/2024 3:00,299.24,305.71,2051,53.01,93.4
M05,1/8/2024 4:00,298.9,311.99,1934,50.83,92.8
M05,1/8/2024 5:00,300.8,311.26,1265,48.24,93.4
M05,1/8/2024 6:00,296.59,308.93,2196,29.02,94.2
M05,1/8/2024 7:00,295.33,311.14,1747,51.37,100.1
M05,1/8/2024 8:00,299.23,305.73,1303,52.43,96.7
M05,1/8/2024 9:00,300.89,305.78,1416,47.36,99.1
M05,1/8/2024 10:00,295.71,308.94,2238,23.69,100.1
M05,1/8/2024 11:00,301.38,306.1,1798,44.79,102.2
M05,1/8/2024 12:00,301.09,306.08,1944,31.71,96.7
M05,1/8/2024 13:00,298.07,307.91,1213,28.59,104.2
M05,1/8/2024 14:00,298.54,305.6,1962,45.03,101
M05,1/8/2024 15:00,296.72,310.27,2284,34.76,99.9
M05,1/8/2024 16:00,297.89,307.87,2139,53.31,103.5
M05,1/8/2024 17:00,301.61,308.1,1220,45.12,104.3
M05,1/8/2024 18:00,297.37,307.81,1536,35.19,208
M05,1/8/2024 19:00,301.84,311.86,2264,54.04,104.8
M05,1/8/2024 20:00,299.91,311.11,1842,51.82,101.5
M05,1/8/2024 21:00,298.69,311.44,2027,35.62,104.2
M05,1/8/2024 22:00,300.52,309.56,1907,51.07,110.7
M05,1/8/2024 23:00,296.38,307.11,1275,38.81,107.6
M05,1/9/2024 0:00,301.16,308.64,2307,29.94,105.4
M05,1/9/2024 1:00,298.65,310.3,1527,20.82,114.1
M05,1/9/2024 2:00,296.81,310.83,1822,45.43,115.8
M05,1/9/2024 3:00,295.42,307.61,2239,32.41,107.2
M05,1/9/2024 4:00,295.87,307.09,1210,35.86,117.3
M05,1/9/2024 5:00,301.92,308.96,2292,49.56,110.6
M05,1/9/2024 6:00,299.67,310.71,2373,43.54,116.1
M05,1/9/2024 7:00,296.73,307.29,2392,26.74,117.5
M05,1/9/2024 8:00,296.03,307.98,2043,22.87,111.1
M05,1/9/2024 9:00,298.33,308.12,1956,43.69,115.3
M05,1/9/2024 10:00,300.45,311.1,2396,37.46,116.3
M05,1/9/2024 11:00,301.52,308.43,2053,48.83,114.2
M05,1/9/2024 12:00,299.98,305.91,2251,50.21,114.7
M05,1/9/2024 13:00,298.31,310.23,2344,32.93,123.8
M05,1/9/2024 14:00,297.86,305.85,2370,30.14,120.3
M05,1/9/2024 15:00,297.13,307.62,1802,37.01,123.8
M05,1/9/2024 16:00,299.13,305.34,1824,51.12,118.8
M05,1/9/2024 17:00,298.42,305.86,1914,22.36,117.8
M05,1/9/2024 18:00,297.17,308.17,1891,47.35,122.9
M05,1/9/2024 19:00,299.24,310.33,2233,42.28,126.5
M05,1/9/2024 20:00,296.04,310.1,1382,47.99,126.3
M05,1/9/2024 21:00,296.63,307.77,2307,21.6,127.1
M05,1/9/2024 22:00,296.94,305.62,1539,44.75,126.9
M05,1/9/2024 23:00,299.95,308.93,1453,42.54,122.8
M05,1/10/2024 0:00,298.79,310.3,2367,38.26,130.2
M05,1/10/2024 1:00,295.13,309.61,2289,26.29,123.6
M05,1/10/2024 2:00,296.72,309.94,2386,35.55,132.3
M05,1/10/2024 3:00,297.81,305.31,2643,63.75,126.8
M05,1/10/2024 4:00,295.7,306.18,1494,26.39,133.4
M05,1/10/2024 5:00,301.67,309.75,2949,41.51,129.7
M05,1/10/2024 6:00,295.69,306,1863,29.03,136.7
M05,1/10/2024 7:00,295.36,306.68,2400,28.28,133.1
M05,1/10/2024 8:00,301.65,306.89,1851,36.27,132.8
M05,1/10/2024 9:00,297.85,306.64,1238,29.42,139.2
M05,1/10/2024 10:00,296.72,308.88,1457,30.66,134.3
M05,1/10/2024 11:00,299.45,306.42,1491,33.07,140.9
M05,1/10/2024 12:00,298.76,307.97,2336,35.81,131.8
M05,1/10/2024 13:00,300.81,307.02,1542,20.02,141.9
M05,1/10/2024 14:00,299.19,310.88,1978,54.97,141.7
M05,1/10/2024 15:00,300.88,306.97,1530,45.87,139.7
M05,1/10/2024 16:00,297.77,305.86,1486,45.38,144.8
M05,1/10/2024 17:00,296.48,308.53,1851,50.94,145.1
M05,1/10/2024 18:00,301.86,309.95,1759,28.61,146.2
M05,1/10/2024 19:00,298.22,309.2,1232,51.99,138.5
M05,1/10/2024 20:00,299.26,305.03,1219,43.54,142
M05,1/10/2024 21:00,299.92,310.34,2302,22.84,147.4
M05,1/10/2024 22:00,298.77,311.25,2111,43.53,142.9
M05,1/10/2024 23:00,300.79,307.51,1562,49.37,148.3
M05,1/11/2024 0:00,295.87,314.08,2860,35.56,143.1
M05,1/11/2024 1:00,300.66,306.55,2211,53.86,142
M05,1/11/2024 2:00,299.93,309.24,1214,26.86,150.7
M05,1/11/2024 3:00,301.09,308.98,2211,25.97,145.1
M05,1/11/2024 4:00,299.71,309.22,1559,22.29,145.2
M05,1/11/2024 5:00,296.82,308.99,1666,50.84,152
M05,1/11/2024 6:00,300.93,305.16,2291,41.51,152.3
M05,1/11/2024 7:00,295.01,307.99,1306,49.89,149.5
M05,1/11/2024 8:00,297.85,305.85,2261,36.33,150.6
M05,1/11/2024 9:00,301.19,306.57,1769,52.14,153.1
M05,1/11/2024 10:00,297.74,307.34,2371,48.27,158.4
M05,1/11/2024 11:00,305.66,311.7,1711,26.89,152.6
M05,1/11/2024 12:00,300.66,309.15,1884,49.42,152.5
M05,1/11/2024 13:00,301.71,310.83,1883,38.19,153.2
M05,1/11/2024 14:00,299.2,308.07,1395,41.89,157.3
M05,1/11/2024 15:00,295.42,305.23,1841,51.15,159.3
M05,1/11/2024 16:00,295.43,310.62,1312,30.55,159.3
M05,1/11/2024 17:00,299.74,308.91,1803,49.75,157.9
M05,1/11/2024 18:00,297.88,311.05,1221,35.87,159.2
M05,1/11/2024 19:00,299.34,305.71,1253,35.89,158.6
M05,1/11/2024 20:00,295.72,309.17,1338,40.75,164.5
M05,1/11/2024 21:00,295.88,308.56,1927,34.74,164.1
M05,1/11/2024 22:00,296.7,310.58,1323,24.47,163.5
M05,1/11/2024 23:00,299.56,307.5,2395,50.98,166.2
M05,1/12/2024 0:00,297.16,307.4,1955,53.96,164.3
M05,1/12/2024 1:00,296.01,306.66,2345,50.05,164.1
M05,1/12/2024 2:00,296.4,311.36,1340,31.95,167.4
M05,1/12/2024 3:00,301.87,309.2,1878,49.82,167.1
M05,1/12/2024 4:00,306.37,307.3,1414,35.9,170.1
M05,1/12/2024 5:00,299.85,308.27,1636,28.37,170.3
M05,1/12/2024 6:00,305.11,310.18,1620,34.01,172
M05,1/12/2024 7:00,298.88,306,2101,26.8,170.3
M05,1/12/2024 8:00,295.31,305.21,1605,29.94,167.4
M05,1/12/2024 9:00,296.22,310.93,1703,26.25,166.2
M05,1/12/2024 10:00,301.37,305.15,1481,33.26,174.6
M05,1/12/2024 11:00,301.55,307.14,1691,32.94,171.2
M05,1/12/2024 12:00,298.69,310.59,2088,50.74,168.9
M05,1/12/2024 13:00,301.47,310.56,1592,38.64,176
M05,1/12/2024 14:00,298.01,309.45,1294,46.71,175.7
M05,1/12/2024 15:00,297.06,306.04,1706,21.86,178.5
M05,1/12/2024 16:00,300.96,311.78,2201,27.32,172.1
M05,1/12/2024 17:00,299.64,305.45,2241,33.58,180.9
M05,1/12/2024 18:00,297.62,308.63,1566,31.26,176.6
M05,1/12/2024 19:00,300.01,308.46,1749,40.34,180
M05,1/12/2024 20:00,299.55,306.45,1615,35.82,176.7
M05,1/12/2024 21:00,297.98,307.64,1521,52.74,178.9
M05,1/12/2024 22:00,295.94,305.59,2110,72.22,231
M05,1/12/2024 23:00,297.57,308.48,1759,33.38,178.4
M05,1/13/2024 0:00,299.52,307.51,1368,30.31,182.4
M05,1/13/2024 1:00,295.55,306.93,2751,23.44,178.9
M05,1/13/2024 2:00,299.73,306.75,1762,26.67,185
M05,1/13/2024 3:00,300.98,310.01,2312,51.93,179.8
M05,1/13/2024 4:00,300.76,310.48,2027,53.1,188.7
M05,1/13/2024 5:00,295.08,309.58,1505,50.29,183.5
M05,1/13/2024 6:00,296.47,306.64,2331,46.52,189.2
M05,1/13/2024 7:00,300.54,307.19,1584,35.01,190
M05,1/13/2024 8:00,298.07,310.97,1261,33.11,189.3
M05,1/13/2024 9:00,301.6,305.07,1926,31.89,188.4
M06,1/5/2024 8:00,300.34,309.83,1813,31.41,0
M06,1/5/2024 9:00,301.46,306.08,1876,39.89,3.8
M06,1/5/2024 10:00,299.02,307.74,1980,27.15,0.4
M06,1/5/2024 11:00,296.32,305.76,2366,53.67,3.7
M06,1/5/2024 12:00,296.2,309.72,1563,21.12,4.9
M06,1/5/2024 13:00,296.31,305.49,1990,29.93,1.1
M06,1/5/2024 14:00,295.49,305.4,2261,20.39,2.8
M06,1/5/2024 15:00,297.74,311.93,1464,38.78,5.1
M06,1/5/2024 16:00,301.69,311.06,1466,50.47,4.2
M06,1/5/2024 17:00,299.65,306.11,2377,52.87,7.7
M06,1/5/2024 18:00,299.79,306.93,1215,54.69,7.1
M06,1/5/2024 19:00,299.23,306.73,1873,51.86,12.2
M06,1/5/2024 20:00,299.03,310.16,1789,42.62,13.3
M06,1/5/2024 21:00,300.9,310.55,2000,41.46,13
M06,1/5/2024 22:00,296.74,311.3,2084,36.02,14.7
M06,1/5/2024 23:00,298.98,307.75,1289,28.39,15.1
M06,1/6/2024 0:00,299.4,307.04,1336,44.43,14.4
M06,1/6/2024 1:00,298.45,311.95,2332,24.24,11.6
M06,1/6/2024 2:00,298.53,310.46,2039,35.78,11.2
M06,1/6/2024 3:00,298.24,305.51,2145,33.34,16.9
M06,1/6/2024 4:00,297.78,305.08,1434,44.82,11.6
M06,1/6/2024 5:00,298.25,308.23,1369,39.19,13.4
M06,1/6/2024 6:00,295.98,310.74,1530,25.97,11.9
M06,1/6/2024 7:00,297.06,315.83,2000,66.2,19.2
M06,1/6/2024 8:00,295.24,309.73,1642,35.47,13.7
M06,1/6/2024 9:00,306.98,309.64,1410,33.67,17.1
M06,1/6/2024 10:00,305.02,311.5,1967,51.81,16.8
M06,1/6/2024 11:00,296.35,309.68,1651,53.56,16.5
M06,1/6/2024 12:00,299.65,310.07,1290,34.55,17.4
M06,1/6/2024 13:00,298.93,306.33,1624,52.7,21
M06,1/6/2024 14:00,296.63,305.74,1862,26.08,21.8
M06,1/6/2024 15:00,297.72,308.21,1335,43.03,21.3
M06,1/6/2024 16:00,295.31,311.2,2041,30.55,25.3
M06,1/6/2024 17:00,295.71,308.75,2365,26,29.7
M06,1/6/2024 18:00,301.87,309.87,1472,31.62,27.2
M06,1/6/2024 19:00,297.23,310.96,2187,22.36,21.8
M06,1/6/2024 20:00,298.14,308.58,1676,37.62,253
M06,1/6/2024 21:00,301.28,307.16,2756,64.64,29.3
M06,1/6/2024 22:00,296.43,305.27,2108,45.87,27.2
M06,1/6/2024 23:00,299.51,310.32,2266,47.71,28.8
M06,1/7/2024 0:00,300.25,317.45,1878,32,27.5
M06,1/7/2024 1:00,297.67,307.25,2105,42.04,26.8
M06,1/7/2024 2:00,301.68,305.36,1489,52.84,28.2
M06,1/7/2024 3:00,298.84,310.57,1618,28.27,28.5
M06,1/7/2024 4:00,297.18,310.05,1701,34.84,34.5
M06,1/7/2024 5:00,299.03,311.77,1612,29.52,37
M06,1/7/2024 6:00,301.81,307.79,1543,36.47,34.2
M06,1/7/2024 7:00,298.03,306.09,2187,20.69,34.5
M06,1/7/2024 8:00,300.31,311.45,2300,25.35,38.7
M06,1/7/2024 9:00,298.25,308.18,1968,39.67,37
M06,1/7/2024 10:00,300,306.37,1588,20.15,41.6
M06,1/7/2024 11:00,297.62,307.83,2051,52.91,43.5
M06,1/7/2024 12:00,298.43,309.49,1345,34.31,34.9
M06,1/7/2024 13:00,297.69,308.96,1597,46.7,44.9
M06,1/7/2024 14:00,300.26,315.08,2200,61.83,39.7
M06,1/7/2024 15:00,300.69,309.42,1257,44.41,43.3
M06,1/7/2024 16:00,298.19,309.77,1720,28.66,43.3
M06,1/7/2024 17:00,296.13,305.82,1389,42.55,47.5
M06,1/7/2024 18:00,299.1,311.31,2261,51.85,47.8
M06,1/7/2024 19:00,297.99,309.84,2225,53.87,46.4
M06,1/7/2024 20:00,297.16,307.88,1382,23.82,46.3
M06,1/7/2024 21:00,300.7,306.88,1629,52.55,45.3
M06,1/7/2024 22:00,301.91,310.71,1203,23.39,49.9
M06,1/7/2024 23:00,297.92,307.02,2082,25.97,46.6
M06,1/8/2024 0:00,296.39,306.27,1425,35.77,51.8
M06,1/8/2024 1:00,295.41,306.28,1592,29.08,53.4
M06,1/8/2024 2:00,299.39,309.37,1540,22.79,46
M06,1/8/2024 3:00,295.45,305.21,1680,36.73,52.6
M06,1/8/2024 4:00,295.43,310.26,1214,43.29,255
M06,1/8/2024 5:00,295.05,309.22,1744,52.62,52.2
M06,1/8/2024 6:00,298.01,307.6,1902,54.98,56.4
M06,1/8/2024 7:00,299.66,307.65,1317,54.14,57.7
M06,1/8/2024 8:00,295.02,311.09,2022,45.38,58.6
M06,1/8/2024 9:00,299.21,311.08,1772,53.29,58
M06,1/8/2024 10:00,307.43,309.8,2883,38.02,57.8
M06,1/8/2024 11:00,299.75,306.63,2192,34.01,58.1
M06,1/8/2024 12:00,298,311.52,2175,54.54,61.3
M06,1/8/2024 13:00,300.14,307.06,1599,44.92,62.2
M06,1/8/2024 14:00,300.49,310.02,1265,24.48,62.2
M06,1/8/2024 15:00,299.71,308.84,2156,25.88,59.5
M06,1/8/2024 16:00,299.64,306.69,1633,25.97,65.2
M06,1/8/2024 17:00,295.74,311.95,1259,25.61,65.8
M06,1/8/2024 18:00,300.36,306.54,1727,43.31,66.8
M06,1/8/2024 19:00,299.66,311.46,2207,23.17,65
M06,1/8/2024 20:00,301.52,310.36,1332,42.54,62.6
M06,1/8/2024 21:00,300.15,307.67,2350,53.82,64
M06,1/8/2024 22:00,296.81,307.04,1428,23.12,67.8
M06,1/8/2024 23:00,300.21,305.81,1953,24.46,64.3
M06,1/9/2024 0:00,300.16,307.18,2296,26.65,65.8
M06,1/9/2024 1:00,300.4,310.58,1458,38.19,68.7
M06,1/9/2024 2:00,297.77,308.77,2143,31.06,71.6
M06,1/9/2024 3:00,296.53,309.76,1501,41.05,65.6
M06,1/9/2024 4:00,300.61,309.92,1855,30.81,74.8
M06,1/9/2024 5:00,301.98,309.95,2179,42.09,67.8
M06,1/9/2024 6:00,301.77,305.41,1882,25.34,73.6
M06,1/9/2024 7:00,301.54,306.58,1307,52.31,75
M06,1/9/2024 8:00,300.09,307.09,1526,54.69,73.4
M06,1/9/2024 9:00,299.75,311.93,2001,33.69,74
M06,1/9/2024 10:00,299.87,306.37,2322,33.78,70.8
M06,1/9/2024 11:00,299.06,310.64,1822,36.01,71.9
M06,1/9/2024 12:00,299.87,307.04,1496,27.34,79
M06,1/9/2024 13:00,299.56,307.54,2378,23.57,79.6
M06,1/9/2024 14:00,297.64,311.88,1544,52.41,73.5
M06,1/9/2024 15:00,296.26,305.37,2255,42.75,79.2
M06,1/9/2024 16:00,299.39,307.83,1269,24.16,78
M06,1/9/2024 17:00,299.17,306.21,1968,47.15,84.7
M06,1/9/2024 18:00,295.63,308.25,1982,29.63,82.1
M06,1/9/2024 19:00,295.84,305.58,2201,42.45,85.4
M06,1/9/2024 20:00,299.11,311.91,2182,29.58,84.5
M06,1/9/2024 21:00,296.27,308.39,2088,30.44,79.1
M06,1/9/2024 22:00,306.89,311.04,2300,26.47,218
M06,1/9/2024 23:00,303.68,311.28,2761,50.17,86.3
M06,1/10/2024 0:00,299.57,305.61,1725,49.8,80.5
M06,1/10/2024 1:00,298.54,307.54,2314,26.01,90.7
M06,1/10/2024 2:00,296.74,305.32,2263,51.66,84.6
M06,1/10/2024 3:00,295.98,308.43,1840,38.29,92.3
M06,1/10/2024 4:00,298.77,306.47,2770,43.19,83.6
M06,1/10/2024 5:00,301.7,309.22,1642,40.71,86.7
M06,1/10/2024 6:00,297.95,308.85,1733,33.36,93.7
M06,1/10/2024 7:00,295.58,306.78,2071,52.91,86.9
M06,1/10/2024 8:00,299.41,306.89,1594,45.01,91.8
M06,1/10/2024 9:00,298.58,306.15,1514,31.07,94.8
M06,1/10/2024 10:00,301.75,306.73,1753,24.36,88.8
M06,1/10/2024 11:00,295.46,309.48,1943,51.82,96.3
M06,1/10/2024 12:00,300.59,306.92,1400,33.2,98.9
M06,1/10/2024 13:00,295.74,311.48,1559,38.43,98.8
M06,1/10/2024 14:00,300.65,305.67,1914,44.52,99.4
M06,1/10/2024 15:00,299.25,311.28,1549,31.13,99
M06,1/10/2024 16:00,300.64,309.74,2288,39.31,101.1
M06,1/10/2024 17:00,299.15,306.81,2251,44.96,99.6
M06,1/10/2024 18:00,298.97,306.87,1958,44.76,96.3
M06,1/10/2024 19:00,299.95,306.28,1924,47.95,99.6
M06,1/10/2024 20:00,297.99,311.59,1668,30.68,103.9
M06,1/10/2024 21:00,297.85,307.19,1384,42.21,96.8
M06,1/10/2024 22:00,295.66,309.03,1373,46.02,102.4
M06,1/10/2024 23:00,301.12,311.74,2068,43.7,106.9
M06,1/11/2024 0:00,298.48,309.8,2290,44.43,102.4
M06,1/11/2024 1:00,301.38,310.22,2070,44.59,106.6
M06,1/11/2024 2:00,300.17,311.66,2281,43.94,100.3
M06,1/11/2024 3:00,296.18,311.51,2272,51.63,102.4
M06,1/11/2024 4:00,295.93,307.47,1304,34.8,105.2
M06,1/11/2024 5:00,295.79,311.4,1711,49.11,110.7
M06,1/11/2024 6:00,297.03,308.38,1742,27.46,110.3
M06,1/11/2024 7:00,296.52,307.13,2255,48.9,104
M06,1/11/2024 8:00,299.32,308.42,1928,20.21,109
M06,1/11/2024 9:00,295.75,307.45,1581,34.07,105.3
M06,1/11/2024 10:00,296.38,316.07,1514,68.18,115.1
M06,1/11/2024 11:00,298,306.28,1751,23.8,111.1
M06,1/11/2024 12:00,296.13,307.48,2088,20.2,116.3
M06,1/11/2024 13:00,295.77,306.99,1473,33.81,115.7
M06,1/11/2024 14:00,296.12,306.39,2181,53.59,118.8
M06,1/11/2024 15:00,298.42,308.47,1460,31.37,117.4
M06,1/11/2024 16:00,298.51,311.46,1996,24.6,120.1
M06,1/11/2024 17:00,295.88,307.41,1227,46.86,113.6
M06,1/11/2024 18:00,297.39,311.84,1216,35.2,114.9
M06,1/11/2024 19:00,300.33,306.73,1512,45.52,114.7
M06,1/11/2024 20:00,295.81,306.84,1706,43.32,117.9
M06,1/11/2024 21:00,300.48,305.72,2228,41.39,116.2
M06,1/11/2024 22:00,299.4,306.04,1446,24.63,115.5
M06,1/11/2024 23:00,301.5,307.98,1608,23.18,116.3
M06,1/12/2024 0:00,304,309.43,2922,27.76,120.9
M06,1/12/2024 1:00,296.96,307.46,2056,28.64,126.3
M06,1/12/2024 2:00,295,309.62,1858,27.42,122.8
M06,1/12/2024 3:00,295.71,306.29,2206,32.73,121.9
M06,1/12/2024 4:00,295.1,308.86,1466,31.59,127.1
M06,1/12/2024 5:00,300.45,308.7,1961,28.34,123.2
M06,1/12/2024 6:00,295.61,305.74,1446,21.44,130.8
M06,1/12/2024 7:00,300.72,306.35,2112,52.39,122.7
M06,1/12/2024 8:00,297.4,310.08,1613,38.67,124.2
M06,1/12/2024 9:00,297.93,309.98,2347,54.13,132.4
M06,1/12/2024 10:00,300.02,311.38,1338,36.9,129.4
M06,1/12/2024 11:00,300.54,318.31,1761,44.38,126.2
M06,1/12/2024 12:00,297.78,309.79,2251,54,127.4
M06,1/12/2024 13:00,297.69,310.46,2020,41.25,249
M06,1/12/2024 14:00,295.06,311.5,2250,35.94,134.3
M06,1/12/2024 15:00,297.12,306.54,2590,39.33,129.7
M06,1/12/2024 16:00,299.48,311.59,1768,52.45,131.5
M06,1/12/2024 17:00,299.5,306.74,1630,38.71,129.5
M06,1/12/2024 18:00,299.24,307.58,1370,53.12,139.1
M06,1/12/2024 19:00,295.94,311.29,1803,31.36,131.6
M06,1/12/2024 20:00,300.77,306.53,1772,26.19,141.5
M06,1/12/2024 21:00,301.85,310.45,2394,23.73,140
M06,1/12/2024 22:00,299.58,311.09,2328,27.22,137.7
M06,1/12/2024 23:00,296.43,309.41,2009,25.45,136.4
M06,1/13/2024 0:00,297.58,311.32,1391,37.36,139.4
M06,1/13/2024 1:00,296.23,308.99,1569,42.66,135.8
M06,1/13/2024 2:00,296.24,307.76,1584,22.43,137.1
M06,1/13/2024 3:00,301.36,311.79,1405,45.35,138.5
M06,1/13/2024 4:00,295.08,305.7,1986,20.73,146.1
M06,1/13/2024 5:00,299.51,305.31,1708,46.95,141.3
M06,1/13/2024 6:00,299.2,310.55,1219,53.52,140.5
M06,1/13/2024 7:00,297.37,309.95,1614,24.87,147.8
M06,1/13/2024 8:00,300.71,307.15,2180,25.41,141.5
M06,1/13/2024 9:00,299.39,305.86,1291,23.6,144.6
M06,1/13/2024 10:00,300.86,305.99,1659,20.84,146.7
M06,1/13/2024 11:00,299.59,306.58,1987,44.04,150.3
M06,1/13/2024 12:00,298.44,311.94,1659,23.56,153.5
M06,1/13/2024 13:00,299.31,305.83,1373,51.35,150.8
M06,1/13/2024 14:00,298.71,309.2,2070,25.26,152.2
M06,1/13/2024 15:00,300.72,307.44,1412,29.49,151.2
M06,1/13/2024 16:00,296.86,311.35,1356,47.61,155.6
M06,1/13/2024 17:00,300.44,306.03,1502,33.67,155
M06,1/13/2024 18:00,298.35,305.47,2383,34.96,155.8
M06,1/13/2024 19:00,297.26,305.89,1988,32.34,154.2
M06,1/13/2024 20:00,301.81,309.21,1882,24.84,159.5
M06,1/13/2024 21:00,297.68,308.85,2303,38.68,156.1
M06,1/13/2024 22:00,297.69,309.07,2063,38.44,159.3
M06,1/13/2024 23:00,303.77,315.77,1940,20.1,162.3
M06,1/14/2024 0:00,300.94,311.07,1485,30.31,154.5
M06,1/14/2024 1:00,301.8,311.39,1696,27.38,156.1
M06,1/14/2024 2:00,295.82,309.87,1493,33.21,154.9
M06,1/14/2024 3:00,297.6,309.91,2391,22.58,163.7
M06,1/14/2024 4:00,295.21,307.56,1361,28.58,156.2
M06,1/14/2024 5:00,297.92,310.36,2162,46.02,164.4
M06,1/14/2024 6:00,297.1,313.89,1890,35.54,164.1
M06,1/14/2024 7:00,299.5,309.23,1555,37.62,158.5
M06,1/14/2024 8:00,299.76,311.13,2334,44.9,161.7
M06,1/14/2024 9:00,297.14,306.59,1521,29.51,160.8
M06,1/14/2024 10:00,301.66,310.2,2020,41.67,162.9
M06,1/14/2024 11:00,300.22,308.92,1358,48.58,166.1
M06,1/14/2024 12:00,299.49,310.79,1537,21.91,165.9
M06,1/14/2024 13:00,303.79,317.38,1942,41.11,171.4
M06,1/14/2024 14:00,300.3,307.16,2329,27.06,173
M06,1/14/2024 15:00,303.54,308.99,2915,39.73,172.4
M06,1/14/2024 16:00,300.26,311.71,2224,26.82,172.8
M06,1/14/2024 17:00,301.82,309.92,1399,31.6,175
M06,1/14/2024 18:00,298.52,310.43,1248,40.55,170.6
M06,1/14/2024 19:00,300.96,307.03,1510,43.88,168.3
M06,1/14/2024 20:00,301.67,306.62,1641,48.26,174.8
M06,1/14/2024 21:00,296.13,311.75,2257,54.73,175.1
M06,1/14/2024 22:00,300.38,308.13,1468,31.87,173.4
M06,1/14/2024 23:00,298.02,311.23,1993,28.37,180.5
M06,1/15/2024 0:00,301.71,308.97,2218,23.41,171.5
M06,1/15/2024 1:00,297.17,311.07,1378,37.46,176.6
M06,1/15/2024 2:00,297.07,305.48,2380,32.72,173.7
M06,1/15/2024 3:00,300.4,306.81,2169,54.25,181.2
M06,1/15/2024 4:00,301.47,311.58,2364,37.09,178
M06,1/15/2024 5:00,297.86,309.34,1464,35.43,180.2
M06,1/15/2024 6:00,297.2,305.58,2046,37.71,178.5
M06,1/15/2024 7:00,299.78,309.34,1316,45.94,179.1
M06,1/15/2024 8:00,295.06,310.97,1795,33.15,183.1
M06,1/15/2024 9:00,296.56,311.12,1391,32.21,182.8
M06,1/15/2024 10:00,300.73,305.76,1569,45.61,188.1
M06,1/15/2024 11:00,300.38,306.4,1873,22.26,183.1
M06,1/15/2024 12:00,296.49,310.19,1434,29.74,180.8
M06,1/15/2024 13:00,298.29,309.48,1855,39.89,190
M06,1/15/2024 14:00,295.44,310.66,2080,54.25,184.1
M06,1/15/2024 15:00,295.16,310.31,2066,29.44,189.1
M06,1/15/2024 16:00,295.48,307.84,1810,50.58,188
M06,1/15/2024 17:00,296.5,311.25,1576,49.07,185.2
M07,1/4/2024 16:00,301.74,307.08,1606,32.22,0
M07,1/4/2024 17:00,299.82,306.12,2094,32.41,2.7
M07,1/4/2024 18:00,295.07,310.48,1606,22.72,3.2
M07,1/4/2024 19:00,297.27,311.9,1848,20.5,6.2
M07,1/4/2024 20:00,298.5,307.21,2032,29.2,5.3
M07,1/4/2024 21:00,301.6,311,2120,77.71,4.6
M07,1/4/2024 22:00,300.42,309.21,1642,32.18,9.1
M07,1/4/2024 23:00,299.04,305.1,1945,20.57,9.3
M07,1/5/2024 0:00,301.07,309.9,2133,34.49,4.6
M07,1/5/2024 1:00,297.98,311.82,1887,23.97,3.6
M07,1/5/2024 2:00,296.24,309.16,2311,35.26,5.5
M07,1/5/2024 3:00,299.76,309.44,1403,54.84,11.4
M07,1/5/2024 4:00,299.55,309.31,2042,23.63,11.6
M07,1/5/2024 5:00,298.81,309.43,2230,40.34,5.2
M07,1/5/2024 6:00,297.94,306.56,2131,39.31,6.8
M07,1/5/2024 7:00,301.65,307.45,2150,34.45,14.6
M07,1/5/2024 8:00,300.19,305.05,1967,47.38,12.2
M07,1/5/2024 9:00,299.61,307.15,2049,43.57,8
M07,1/5/2024 10:00,295.23,305.18,1966,49.43,13.9
M07,1/5/2024 11:00,297.22,306.19,2371,54.75,11.9
M07,1/5/2024 12:00,296.35,309.51,1305,48.05,16
M07,1/5/2024 13:00,299.45,311.84,1555,34.11,14.1
M07,1/5/2024 14:00,296.62,309.97,1458,37.65,18
M07,1/5/2024 15:00,300.9,309.39,1732,49.31,14.1
M07,1/5/2024 16:00,295.65,305.18,1223,42.01,229
M07,1/5/2024 17:00,295.18,310.14,2129,42.21,21.8
M07,1/5/2024 18:00,299.57,306.55,1596,38.74,17.2
M07,1/5/2024 19:00,300.5,310.39,1305,29.62,24.9
M07,1/5/2024 20:00,299.47,309.06,1411,23.88,25.6
M07,1/5/2024 21:00,295.99,306.83,1569,23.25,22
M07,1/5/2024 22:00,300.87,307.74,2205,47.84,21.9
M07,1/5/2024 23:00,299.38,306.47,2059,33.13,21.7
M07,1/6/2024 0:00,300.66,306.26,1220,51.63,25.9
M07,1/6/2024 1:00,300.98,305.82,1902,54.78,24.9
M07,1/6/2024 2:00,298.83,306.11,1721,52.43,237
M07,1/6/2024 3:00,300.33,306.51,1947,24.02,23.8
M07,1/6/2024 4:00,296.54,310.09,1459,29.37,27.2
M07,1/6/2024 5:00,297.44,308.86,1802,36.35,31.2
M07,1/6/2024 6:00,301.62,311.46,1712,26.05,30.8
M07,1/6/2024 7:00,296.97,307.75,2395,47.76,30.5
M07,1/6/2024 8:00,296.44,310.05,2087,50.9,29.6
M07,1/6/2024 9:00,300.71,309.36,1984,35.03,31.8
M07,1/6/2024 10:00,299.43,305.45,1542,51.13,36.5
M07,1/6/2024 11:00,297.87,309.23,2286,32.33,28
M07,1/6/2024 12:00,297.26,310.54,1932,28.59,30.6
M07,1/6/2024 13:00,296.02,307.2,1219,31.15,29.3
M07,1/6/2024 14:00,298.26,310.57,1676,39.66,33.8
M07,1/6/2024 15:00,298.69,305.72,1769,45.07,40.2
M07,1/6/2024 16:00,299.7,309.02,2063,43.87,35.8
M07,1/6/2024 17:00,296.39,305.35,2211,37.45,42.1
M07,1/6/2024 18:00,295.87,306.2,1869,40.69,205
M07,1/6/2024 19:00,301.38,306.99,2024,21.3,39.1
M07,1/6/2024 20:00,297.36,305.11,2162,23.33,42.5
M07,1/6/2024 21:00,296.92,310.28,2019,22.79,43
M07,1/6/2024 22:00,295.33,307.09,2130,37.27,42.5
M07,1/6/2024 23:00,300.9,311.56,2996,21.03,37.3
M07,1/7/2024 0:00,296.58,305.62,2594,48.57,42.9
M07,1/7/2024 1:00,295.78,311.63,1353,29.23,45.2
M07,1/7/2024 2:00,297.66,309.89,1482,40.42,40.3
M07,1/7/2024 3:00,296.04,309.09,2046,42.29,46.5
M07,1/7/2024 4:00,296.68,308.35,2203,54.17,43.8
M07,1/7/2024 5:00,296.58,306.85,1806,44.9,44.9
M07,1/7/2024 6:00,296.7,309.53,1621,44.32,42.9
M07,1/7/2024 7:00,296.49,309.69,2158,48.65,44.8
M07,1/7/2024 8:00,296.46,309.13,2280,37.99,46.8
M07,1/7/2024 9:00,299.96,309.59,2233,23.7,45.7
M07,1/7/2024 10:00,297.7,308.17,2251,27.11,49.2
M07,1/7/2024 11:00,297.96,309.8,2382,42.69,47.4
M07,1/7/2024 12:00,300.22,306.68,2143,26.55,47
M07,1/7/2024 13:00,298.17,306.86,2327,22.94,51.8
M07,1/7/2024 14:00,298.52,315.41,1308,70.66,51.9
M07,1/7/2024 15:00,304.49,308.71,2210,38.15,50.1
M07,1/7/2024 16:00,295.37,305.25,1745,28.36,55
M07,1/7/2024 17:00,301.18,309.9,2028,33.72,51.5
M07,1/7/2024 18:00,301.16,306.88,1621,25.99,53.3
M07,1/7/2024 19:00,299.94,307.02,1206,23.3,57
M07,1/7/2024 20:00,298.34,307.14,1688,25.96,59.6
M07,1/7/2024 21:00,306.56,319.05,1226,43.31,57.8
M07,1/7/2024 22:00,299.16,311.79,2394,20.04,63
M07,1/7/2024 23:00,295.32,305.12,1795,49.24,60.3
M07,1/8/2024 0:00,296.03,305.66,1823,48.14,59.2
M07,1/8/2024 1:00,297.46,308.82,2196,28.87,61.1
M07,1/8/2024 2:00,297.11,307.34,2260,47.11,65.9
M07,1/8/2024 3:00,299.17,305.79,2263,45.49,58.3
M07,1/8/2024 4:00,300.99,309.62,1490,32.5,59.1
M07,1/8/2024 5:00,299.87,308.02,1622,46.05,61.5
M07,1/8/2024 6:00,299.47,311.76,2315,51.47,64.9
M07,1/8/2024 7:00,298.69,306.86,1914,51.08,65
M07,1/8/2024 8:00,301.96,307.17,1284,40.28,68.9
M07,1/8/2024 9:00,295.86,310.57,2360,53.89,70.6
M07,1/8/2024 10:00,301.79,308.49,1501,36.32,64.9
M07,1/8/2024 11:00,299.37,309.65,1821,37.04,64.8
M07,1/8/2024 12:00,298.18,306.52,1452,21.86,68
M07,1/8/2024 13:00,299.62,305,1714,24.82,74.5
M07,1/8/2024 14:00,298.51,311.71,2348,25.43,67.3
M07,1/8/2024 15:00,301.97,316.25,2398,84.21,70.1
M07,1/8/2024 16:00,295.69,306.83,1818,40.9,69.7
M07,1/8/2024 17:00,301.13,310.63,1485,43.92,70.7
M07,1/8/2024 18:00,298.88,307.11,1375,30.41,78.8
M07,1/8/2024 19:00,296.28,310.48,2094,23.36,75.5
M07,1/8/2024 20:00,298.53,309.8,1932,36.39,75.3
M07,1/8/2024 21:00,297.87,305.19,2344,20.92,79.4
M07,1/8/2024 22:00,295.98,311.35,1696,40.31,76.3
M07,1/8/2024 23:00,301.3,311.14,1309,46.44,77.2
M07,1/9/2024 0:00,295.04,310.65,2649,36.11,74.6
M07,1/9/2024 1:00,300.75,308.96,1878,50.25,76
M07,1/9/2024 2:00,298.58,310.02,1619,38.07,81.2
M07,1/9/2024 3:00,295.95,311.27,1516,30.53,79.4
M07,1/9/2024 4:00,295.05,308.39,1611,24.01,77.1
M07,1/9/2024 5:00,295.85,305.68,1618,23.63,78.1
M07,1/9/2024 6:00,297.73,311.48,1814,34.16,88.4
M07,1/9/2024 7:00,300.89,308.83,2099,50.08,85.5
M07,1/9/2024 8:00,299.45,306.29,1692,25.98,87.5
M07,1/9/2024 9:00,298.33,307.03,1404,53.57,85.8
M07,1/9/2024 10:00,297.74,309.88,1419,36.24,89.8
M07,1/9/2024 11:00,296.98,305.84,1997,20.39,85.4
M07,1/9/2024 12:00,301.25,309.34,1287,51.78,86.7
M07,1/9/2024 13:00,301.18,308.21,1218,54.36,87.5
M07,1/9/2024 14:00,298.52,307.44,2275,33.67,85.3
M07,1/9/2024 15:00,297.46,310.03,1894,36.08,94
M07,1/9/2024 16:00,300.49,309.61,2006,22.39,94.6
M07,1/9/2024 17:00,301.74,309.24,1569,40.16,96.2
M07,1/9/2024 18:00,298.68,305.91,1863,40.61,93.5
M07,1/9/2024 19:00,300.81,305.47,1260,49.82,90.1
M07,1/9/2024 20:00,295.74,311.54,2175,31.33,91.6
M07,1/9/2024 21:00,301.42,310.57,1415,51.49,91.7
M07,1/9/2024 22:00,300.29,307.94,1331,79.32,93.3
M07,1/9/2024 23:00,299.25,310.88,1556,31.24,98.5
M07,1/10/2024 0:00,301.92,309.02,1609,26.85,97.2
M07,1/10/2024 1:00,296.58,310.2,2088,48.48,101.1
M07,1/10/2024 2:00,299.07,309.4,1397,27.12,101.9
M07,1/10/2024 3:00,297.52,307.86,2319,50.26,98
M07,1/10/2024 4:00,301.7,310.1,2281,37.37,103.6
M07,1/10/2024 5:00,298.32,307.46,2344,49.87,104.1
M07,1/10/2024 6:00,299.38,311.12,2365,22.74,104.7
M07,1/10/2024 7:00,295.83,306.61,2307,31.58,99.8
M07,1/10/2024 8:00,301.46,306.76,1932,22.38,107.1
M07,1/10/2024 9:00,295.52,309.03,2260,52.61,104.1
M07,1/10/2024 10:00,295.4,309.88,1427,40.4,109.2
M07,1/10/2024 11:00,299.57,305.23,2063,29.13,104
M07,1/10/2024 12:00,295.98,308.83,1875,52.35,108
M07,1/10/2024 13:00,296.65,305.51,2354,51.65,109.2
M07,1/10/2024 14:00,295.25,311.87,2052,40.94,109
M07,1/10/2024 15:00,298.86,311.63,1754,45.32,104.7
M07,1/10/2024 16:00,296.58,307.45,2178,30.62,112.9
M07,1/10/2024 17:00,295.15,305.39,1601,38.7,113.8
M07,1/10/2024 18:00,300.17,308.87,1306,33.55,109.7
M07,1/10/2024 19:00,299.91,308.85,1436,35.33,115.7
M07,1/10/2024 20:00,297.57,306.36,2094,52.13,109.9
M07,1/10/2024 21:00,303.84,307.89,2298,39.88,118.1
M07,1/10/2024 22:00,295.89,306.26,1289,30.99,115
M07,1/10/2024 23:00,301.99,305.91,2014,36.75,111
M07,1/11/2024 0:00,296.75,308.81,2213,44.68,118.7
M07,1/11/2024 1:00,301.01,308.1,1819,52.95,119.1
M07,1/11/2024 2:00,299.58,308.69,1747,31.16,117.5
M07,1/11/2024 3:00,297.43,307.88,2195,29.79,114.8
M07,1/11/2024 4:00,301.83,306.61,2332,27.38,117.3
M07,1/11/2024 5:00,295.99,311.85,2101,42.75,118.9
M07,1/11/2024 6:00,298.49,305.24,1769,40.59,118.1
M07,1/11/2024 7:00,295.42,310.98,1986,37.34,124.5
M07,1/11/2024 8:00,295.31,306.44,1577,43.1,121.9
M07,1/11/2024 9:00,295.22,310.34,1253,51.85,124.9
M07,1/11/2024 10:00,300.8,306.84,1643,46.5,121.5
M07,1/11/2024 11:00,298.04,307.99,1316,48.26,124.4
M07,1/11/2024 12:00,301.53,307.01,2295,36.22,125.4
M07,1/11/2024 13:00,298.63,306.14,1980,36.36,130.3
M07,1/11/2024 14:00,301.35,306.96,1761,22.99,123.7
M07,1/11/2024 15:00,297.36,307.76,1761,32.66,128.5
M07,1/11/2024 16:00,300.67,309.26,1454,30.74,129.3
M07,1/11/2024 17:00,300.93,308.11,1235,35.4,128.1
M07,1/11/2024 18:00,298.36,310.91,1646,34.3,130
M07,1/11/2024 19:00,301.28,308.86,1331,35.42,127.5
M07,1/11/2024 20:00,296.82,308.46,1665,42.06,127.2
M07,1/11/2024 21:00,295.35,305.8,1278,26.45,131.5
M07,1/11/2024 22:00,297.22,308.87,1666,22.13,134.4
M07,1/11/2024 23:00,296.8,309.75,1923,38.92,128.4
M07,1/12/2024 0:00,295.76,308.55,1431,37.89,131.1
M07,1/12/2024 1:00,297.6,310.76,2051,22.5,133.8
M07,1/12/2024 2:00,295.17,309.25,1937,31.72,134.4
M07,1/12/2024 3:00,298.29,311.81,1263,25.61,131.5
M07,1/12/2024 4:00,301.38,305.18,1633,48.28,136.9
M07,1/12/2024 5:00,298.56,309.07,1904,52.9,136.3
M07,1/12/2024 6:00,299.6,306.05,1360,53.43,142.9
M07,1/12/2024 7:00,298.96,311.98,2322,45.69,139.5
M07,1/12/2024 8:00,301.15,310.59,2167,43.07,140
M07,1/12/2024 9:00,296.37,309.03,1699,31.5,143.6
M07,1/12/2024 10:00,296.62,307.2,1436,44.26,140.8
M07,1/12/2024 11:00,297.87,305.56,2347,37.7,146.3
M07,1/12/2024 12:00,299.24,308.14,2057,28.04,146.2
M07,1/12/2024 13:00,301.48,306.71,2034,43.59,145.3
M07,1/12/2024 14:00,300.57,307.39,1441,22.85,143.6
M07,1/12/2024 15:00,299.03,309.43,1605,67.32,148.9
M07,1/12/2024 16:00,298.88,311.51,1406,24.42,141.3
M07,1/12/2024 17:00,299.83,311.93,1471,38.02,147
M07,1/12/2024 18:00,297.96,305.89,2340,28.45,145.4
M07,1/12/2024 19:00,300.77,307.36,1420,54.79,143.7
M07,1/12/2024 20:00,297.48,308.14,2037,42.08,151.4
M07,1/12/2024 21:00,300.3,309.9,1575,45.33,150.6
M07,1/12/2024 22:00,298.57,306.07,1215,40.77,149.2
M07,1/12/2024 23:00,297.66,308.07,2241,45.29,149
M07,1/13/2024 0:00,296.63,308.45,1298,39.74,156
M07,1/13/2024 1:00,300.91,307.99,1861,33.44,155.3
M07,1/13/2024 2:00,295.29,311.62,1631,35.07,151.3
M07,1/13/2024 3:00,297.2,307.43,1539,24.15,152
M07,1/13/2024 4:00,301.2,307.02,1731,54.61,157.6
M07,1/13/2024 5:00,299.67,305.99,1623,39.33,155.9
M07,1/13/2024 6:00,299.19,305.28,2305,38.83,153.5
M07,1/13/2024 7:00,300.76,307.59,1777,52.96,158
M07,1/13/2024 8:00,298.65,310.82,1804,52.13,160.2
M07,1/13/2024 9:00,295.84,311.22,2210,29.21,162.5
M07,1/13/2024 10:00,300.12,305.82,1924,48.13,162
M07,1/13/2024 11:00,295.52,306.1,1886,29.66,161.7
M07,1/13/2024 12:00,300.44,309.95,1844,51.23,156.5
M07,1/13/2024 13:00,299.94,308.65,1589,49.45,163.5
M07,1/13/2024 14:00,295.25,309.44,1216,28.61,163.5
M07,1/13/2024 15:00,296.54,306.37,2162,25.3,166.5
M07,1/13/2024 16:00,296.98,306.39,1381,53.28,167.7
M07,1/13/2024 17:00,295.02,305.47,2342,76.14,220
M07,1/13/2024 18:00,299.46,308.39,1568,50.73,169.1
M07,1/13/2024 19:00,299.68,308.43,2003,40.92,166.9
M07,1/13/2024 20:00,296.53,311.74,1788,34.69,166.7
M07,1/13/2024 21:00,297.97,306.23,1853,43.12,166.4
M07,1/13/2024 22:00,295.9,319.28,2201,41.04,255
M07,1/13/2024 23:00,297.86,308.94,1861,29.16,167.7
M07,1/14/2024 0:00,298.09,307.79,1311,29.39,172.5
M07,1/14/2024 1:00,300.73,307.16,2039,27.75,174.8
M07,1/14/2024 2:00,300.46,305.77,1875,24.52,172.2
M07,1/14/2024 3:00,295.15,307.65,1882,51.93,175.2
M07,1/14/2024 4:00,299.58,308.63,1941,38.74,178.1
M07,1/14/2024 5:00,297.77,310.02,1794,48.04,178.1
M07,1/14/2024 6:00,296.51,310.13,1227,21.26,170
M07,1/14/2024 7:00,304.73,307.79,2193,21.48,173.4
M07,1/14/2024 8:00,295.87,310.49,2020,24.59,178.7
M07,1/14/2024 9:00,295.59,305.52,2050,20.71,179.5
M07,1/14/2024 10:00,301.43,305.67,2001,26.8,178.9
M07,1/14/2024 11:00,297.27,308.59,1247,30.58,178.2
M07,1/14/2024 12:00,301.78,309.03,1971,30.19,175.3
M07,1/14/2024 13:00,298.93,308.38,2292,37.73,178.9
M07,1/14/2024 14:00,300.09,311.66,2319,45.01,180.4
M07,1/14/2024 15:00,295.17,310.4,2115,32.94,182.3
M07,1/14/2024 16:00,297.33,310.67,1371,23.34,179.1
M07,1/14/2024 17:00,298.43,306.75,1489,34.11,186.5
M07,1/14/2024 18:00,300.88,310.32,1320,46.86,181.4
M07,1/14/2024 19:00,297.37,306.05,1858,44.11,185.7
M07,1/14/2024 20:00,296.88,306.46,2351,47.81,185.9
M07,1/14/2024 21:00,299.56,307.25,2189,38.01,189.8
M07,1/14/2024 22:00,295.57,305.74,1358,33.15,189.5
M07,1/14/2024 23:00,300.24,306.16,2096,50.44,183.9
M07,1/15/2024 0:00,298.47,309.38,2274,37.05,190
M07,1/15/2024 1:00,297.8,307.08,2091,54.85,190
M08,1/3/2024 22:00,298.66,309.31,1961,39.73,0
M08,1/3/2024 23:00,299.8,310.62,1960,38.18,0
M08,1/4/2024 0:00,301.55,311.49,1477,25.75,3.7
M08,1/4/2024 1:00,297.22,306.25,2163,22.35,7
M08,1/4/2024 2:00,296.31,309.86,2301,36.05,0
M08,1/4/2024 3:00,299.16,305.47,2841,50.92,2.2
M08,1/4/2024 4:00,300.75,311.08,2396,45.53,3.2
M08,1/4/2024 5:00,301.54,308.93,1614,22.71,1.8
M08,1/4/2024 6:00,296.96,306.84,1409,24.43,6.3
M08,1/4/2024 7:00,297.68,309.03,1767,53.83,9.2
M08,1/4/2024 8:00,301.36,306.47,1205,47.42,12.5
M08,1/4/2024 9:00,300.62,306.03,1537,36.64,3.4
M08,1/4/2024 10:00,301.79,305.96,2100,34.89,8.8
M08,1/4/2024 11:00,300.32,306.69,2005,33.21,8.7
M08,1/4/2024 12:00,297.18,308.65,2286,22.74,11.7
M08,1/4/2024 13:00,296.16,309.44,1768,44.9,14.8
M08,1/4/2024 14:00,298.43,310.52,1446,39.53,11.5
M08,1/4/2024 15:00,295.18,307.56,2154,46.98,11.4
M08,1/4/2024 16:00,299.32,311.13,1591,33.39,10.5
M08,1/4/2024 17:00,295.07,308.09,2277,26.82,15.3
M08,1/4/2024 18:00,301.38,311.41,2229,62.05,249
M08,1/4/2024 19:00,299.93,306.92,1317,53.99,19.2
M08,1/4/2024 20:00,301.49,311.98,2130,37.16,16.5
M08,1/4/2024 21:00,300.25,310.65,1278,32.93,18.6
M08,1/4/2024 22:00,299.94,306.24,1469,22.9,21.6
M08,1/4/2024 23:00,298.1,309.97,1843,23.41,19.4
M08,1/5/2024 0:00,296.36,309.3,1234,31.64,21.5
M08,1/5/2024 1:00,301.28,306.18,1950,38.07,24.9
M08,1/5/2024 2:00,300.86,309.69,1333,26.75,23.9
M08,1/5/2024 3:00,296.87,306.21,1291,29.64,19
M08,1/5/2024 4:00,296.21,310.23,1206,30.89,23.4
M08,1/5/2024 5:00,298.26,310.85,1376,39.82,23.2
M08,1/5/2024 6:00,304.48,310.11,1580,31.11,25.6
M08,1/5/2024 7:00,297.62,305.57,1705,30.77,26.9
M08,1/5/2024 8:00,301.05,310.23,1471,30.87,24.6
M08,1/5/2024 9:00,296.95,308.96,2047,27.91,23.5
M08,1/5/2024 10:00,296.24,307.06,2100,29.26,27.3
M08,1/5/2024 11:00,297.44,309.49,2120,49.03,30
M08,1/5/2024 12:00,301.65,309.1,1518,38.83,26
M08,1/5/2024 13:00,297.43,310.68,1791,27.26,31.6
M08,1/5/2024 14:00,300.81,310.56,1385,37.96,27.5
M08,1/5/2024 15:00,296.83,311.45,2258,43.04,28
M08,1/5/2024 16:00,299.11,307.61,1973,43.04,35.9
M08,1/5/2024 17:00,295.73,307.51,1216,25.56,32.4
M08,1/5/2024 18:00,301.32,306.31,1933,30.72,33.1
M08,1/5/2024 19:00,295.15,310.66,2134,40.78,36.1
M08,1/5/2024 20:00,298.32,306.71,1964,41.03,34.8
M08,1/5/2024 21:00,295.28,311.5,1679,46.71,39.7
M08,1/5/2024 22:00,297.95,310.42,2382,34.03,31.8
M08,1/5/2024 23:00,301.46,311.21,2273,26.95,42
M08,1/6/2024 0:00,295.91,307.33,1310,53.96,36.1
M08,1/6/2024 1:00,300.61,308.21,1538,36.12,40.3
M08,1/6/2024 2:00,296.2,307.15,1578,28.27,36.6
M08,1/6/2024 3:00,296.71,309.79,1966,20.17,36.9
M08,1/6/2024 4:00,298.85,307.76,1635,51.95,42.7
M08,1/6/2024 5:00,299.94,310.34,1396,33.57,40
M08,1/6/2024 6:00,297.8,307.29,1779,48.69,44.9
M08,1/6/2024 7:00,297.76,315.9,2200,43.45,48
M08,1/6/2024 8:00,297.38,310.76,2015,52.01,45.5
M08,1/6/2024 9:00,296.32,306.48,2091,23.25,43.7
M08,1/6/2024 10:00,296.06,307.18,2184,21.22,50.2
M08,1/6/2024 11:00,296.14,309.78,1417,36.27,42.2
M08,1/6/2024 12:00,295.71,311.04,1225,25.63,43.4
M08,1/6/2024 13:00,299.8,305.08,2022,34.79,43.4
M08,1/6/2024 14:00,300.19,305.81,2122,37.57,51.5
M08,1/6/2024 15:00,300.91,311.8,1428,47.49,54.2
M08,1/6/2024 16:00,297.68,309.72,1507,20.24,54.6
M08,1/6/2024 17:00,296.8,308.6,2601,82.34,50.6
M08,1/6/2024 18:00,299.8,315.82,2567,43.62,54.3
M08,1/6/2024 19:00,298.13,314.05,1272,40.85,211
M08,1/6/2024 20:00,295.88,306.01,2210,35.09,50.9
M08,1/6/2024 21:00,299.82,306.71,2272,39.92,49.4
M08,1/6/2024 22:00,295.27,309.27,1407,33.37,59.5
M08,1/6/2024 23:00,301.49,310.24,2065,34.03,52.3
M08,1/7/2024 0:00,300.05,310.2,1362,49.29,55.6
M08,1/7/2024 1:00,296.34,306.83,1820,41.55,57.4
M08,1/7/2024 2:00,299.86,305.34,2374,36.55,60.4
M08,1/7/2024 3:00,300.23,310.45,1766,37.55,54
M08,1/7/2024 4:00,296.27,306.99,1210,34.25,54.5
M08,1/7/2024 5:00,295.91,306.87,1851,23.4,57.3
M08,1/7/2024 6:00,296.55,309.28,2143,40.58,62.1
M08,1/7/2024 7:00,297.72,311.51,1225,32,59.8
M08,1/7/2024 8:00,296.06,310.98,2221,27.37,64.3
M08,1/7/2024 9:00,296.79,305.23,2370,53.87,64.4
M08,1/7/2024 10:00,297.42,306.45,2284,32.92,61.8
M08,1/7/2024 11:00,299.72,305.21,2397,25.84,63.1
M08,1/7/2024 12:00,301.97,305.16,1781,39.48,65.3
M08,1/7/2024 13:00,301.45,305.92,1452,23.39,63.3
M08,1/7/2024 14:00,299,306.25,1525,46.84,71.7
M08,1/7/2024 15:00,298.85,307.46,1645,34.64,68.6
M08,1/7/2024 16:00,297.54,305.74,1850,37.58,68.7
M08,1/7/2024 17:00,297.83,310.3,1786,48.91,68.7
M08,1/7/2024 18:00,296.24,307.02,2290,49.05,72.5
M08,1/7/2024 19:00,299.78,305.69,2388,42.86,75.4
M08,1/7/2024 20:00,299.45,309.33,1483,41.34,71.5
M08,1/7/2024 21:00,298.99,307.86,1246,31.38,69.7
M08,1/7/2024 22:00,298.3,305.64,1958,20.8,74
M08,1/7/2024 23:00,297.73,308.58,1595,49.76,70.3
M08,1/8/2024 0:00,301.12,306.23,1609,31.3,72.4
M08,1/8/2024 1:00,296.45,308.23,1701,43.93,74.7
M08,1/8/2024 2:00,296.24,308.23,1427,48.13,79.4
M08,1/8/2024 3:00,301.36,306.71,1343,20.24,72.1
M08,1/8/2024 4:00,301.07,311.97,1989,22.46,76.7
M08,1/8/2024 5:00,300.01,305.85,2293,45.02,77.7
M08,1/8/2024 6:00,295.42,310.68,1281,32.72,81.2
M08,1/8/2024 7:00,299.55,308,1454,23.63,83.3
M08,1/8/2024 8:00,299.06,310.54,1546,32.83,82.1
M08,1/8/2024 9:00,296.7,308.38,1741,23.4,82.7
M08,1/8/2024 10:00,301.29,308.44,1701,46.49,80.5
M08,1/8/2024 11:00,297.31,308.15,1728,39.89,83.8
M08,1/8/2024 12:00,296.04,307.02,1652,50.81,84.2
M08,1/8/2024 13:00,297.15,310.01,2362,42.19,84.1
M08,1/8/2024 14:00,297.06,310.21,1463,25.13,83
M08,1/8/2024 15:00,299.46,305.2,1633,72.45,215
M08,1/8/2024 16:00,301.81,309.51,2226,31,85.4
M08,1/8/2024 17:00,298.4,306.18,2275,36.87,87.2
M08,1/8/2024 18:00,299.68,305.45,1660,30.83,85.4
M08,1/8/2024 19:00,300.45,310.52,1603,32.48,88.5
M08,1/8/2024 20:00,301.34,310.88,2273,51.43,92.1
M08,1/8/2024 21:00,295.23,309.38,1874,37.76,88.2
M08,1/8/2024 22:00,300.93,308.76,1362,53.97,86.8
M08,1/8/2024 23:00,296.74,306.79,1574,44.14,93.5
M08,1/9/2024 0:00,299.83,308.19,1282,54.28,90.4
M08,1/9/2024 1:00,300.2,310.13,1330,51.71,89.8
M08,1/9/2024 2:00,296.45,306.71,2390,36.7,90.2
M08,1/9/2024 3:00,295.36,310.53,1349,26.87,91.2
M08,1/9/2024 4:00,307,308.8,1640,65.68,93.8
M08,1/9/2024 5:00,300.64,309.3,2134,54.73,94
M08,1/9/2024 6:00,296.9,309.42,1873,37.76,97.4
M08,1/9/2024 7:00,297.1,311.07,1709,31.94,99.8
M08,1/9/2024 8:00,299.38,305.78,1573,37.07,97
M08,1/9/2024 9:00,298.29,306.14,1334,46.62,101.3
M08,1/9/2024 10:00,301.03,307.4,2303,48.79,97.3
M08,1/9/2024 11:00,296.62,307.15,1825,31.2,101.4
M08,1/9/2024 12:00,297.1,309.27,2369,43.52,100.1
M08,1/9/2024 13:00,297.77,306.2,1523,41.35,99.2
M08,1/9/2024 14:00,301.87,309.57,2053,47.29,101.1
M08,1/9/2024 15:00,298.3,310.99,1821,32.98,102.2
M08,1/9/2024 16:00,300.8,307.21,1830,34.89,103.8
M08,1/9/2024 17:00,300.34,307.83,2037,32.38,108.7
M08,1/9/2024 18:00,300.37,305.14,1614,27.3,108.6
M08,1/9/2024 19:00,297.61,307.25,1983,31.4,107.8
M08,1/9/2024 20:00,296.5,308.52,1761,23.74,105.4
M08,1/9/2024 21:00,298.36,310.05,2162,53.32,113.1
M08,1/9/2024 22:00,297.73,311.72,2197,28.74,114.3
M08,1/9/2024 23:00,295.42,305.39,1901,29.66,108.9
M08,1/10/2024 0:00,295.78,305.94,1351,31.36,113.7
M08,1/10/2024 1:00,296.06,306.05,1812,40.09,112.3
M08,1/10/2024 2:00,297.29,308.83,1733,39.48,115.7
M08,1/10/2024 3:00,295.98,310.39,1842,53.5,111.9
M08,1/10/2024 4:00,300.23,306.5,1857,36.39,113.6
M08,1/10/2024 5:00,299.74,309.93,1722,41.13,119.1
M08,1/10/2024 6:00,307.98,307.99,2196,84.03,118.8
M08,1/10/2024 7:00,301.11,307.29,2303,37.22,117
M08,1/10/2024 8:00,300.14,308.96,2343,47.32,117.4
M08,1/10/2024 9:00,300.92,305.61,2159,41.35,122.7
M08,1/10/2024 10:00,300.37,308.02,1767,36.3,122.5
M08,1/10/2024 11:00,296.07,307.31,1572,42.67,117.7
M08,1/10/2024 12:00,299.85,310.74,2085,51.13,119.1
M08,1/10/2024 13:00,299.37,307.73,1217,27.88,120.1
M08,1/10/2024 14:00,296.56,309.72,1868,38.63,123.1
M08,1/10/2024 15:00,300.75,311.48,2381,25.34,125.1
M08,1/10/2024 16:00,296.27,305.18,1280,47.28,123.5
M08,1/10/2024 17:00,297.29,307.21,1671,43.04,120.9
M08,1/10/2024 18:00,301.94,306.63,1644,47.03,119.9
M08,1/10/2024 19:00,301.61,305.86,1968,20.89,129.1
M08,1/10/2024 20:00,296.46,305.34,2098,33.97,123.2
M08,1/10/2024 21:00,300.7,305.65,1558,37.73,127.7
M08,1/10/2024 22:00,296.14,306.47,2201,45.92,126.3
M08,1/10/2024 23:00,297.91,306.47,1385,47.99,127
M08,1/11/2024 0:00,295.78,308.2,1214,33.3,128.4
M08,1/11/2024 1:00,295.7,307.52,1834,49.28,129.3
M08,1/11/2024 2:00,297.1,312,1372,42.77,133.8
M08,1/11/2024 3:00,295.11,311.75,1862,21.59,135
M08,1/11/2024 4:00,295.06,308.63,2930,44.33,134.9
M08,1/11/2024 5:00,299.32,310.76,2058,26.03,137.4
M08,1/11/2024 6:00,300.19,310.67,1571,32.78,138
M08,1/11/2024 7:00,295.21,306.43,2026,41.89,138.6
M08,1/11/2024 8:00,297.25,310.48,1879,21,135
M08,1/11/2024 9:00,296.01,307.85,2304,33.2,137
M08,1/11/2024 10:00,296.11,305.1,1656,23.22,141.7
M08,1/11/2024 11:00,298.33,311.88,2299,35.41,141.1
M08,1/11/2024 12:00,295.01,308.33,1726,24.49,139.9
M08,1/11/2024 13:00,299.3,310.01,2178,37.25,142.4
M08,1/11/2024 14:00,295.88,308.6,1492,27.89,135.7
M08,1/11/2024 15:00,297.83,311.21,1415,28.74,138.1
M08,1/11/2024 16:00,297.11,309.97,2146,43.39,141.6
M08,1/11/2024 17:00,301.19,310.32,1469,31.48,140.9
M08,1/11/2024 18:00,300.15,310.96,1988,42.12,145.8
M08,1/11/2024 19:00,295.1,309.44,1687,25.67,141.9
M08,1/11/2024 20:00,298.39,307.41,2382,34.2,149.3
M08,1/11/2024 21:00,296.84,308.08,1772,42.94,145.3
M08,1/11/2024 22:00,301.98,306.3,1898,48.24,145.8
M08,1/11/2024 23:00,299.64,309.68,1901,46.71,144.3
M08,1/12/2024 0:00,297.99,305.18,2312,24.42,144.7
M08,1/12/2024 1:00,295.78,308.85,1805,24.42,146.7
M08,1/12/2024 2:00,298.87,311.58,2233,26.39,152.2
M08,1/12/2024 3:00,298.58,305.99,1654,47.16,146.7
M08,1/12/2024 4:00,298.68,310.46,2352,50.1,150.7
M08,1/12/2024 5:00,297.54,306.61,2287,25.84,147.8
M08,1/12/2024 6:00,299.44,311.01,1663,49.51,154.5
M08,1/12/2024 7:00,301.6,309.27,1614,29.74,157.4
M08,1/12/2024 8:00,297.08,311.31,2062,51.28,153.2
M08,1/12/2024 9:00,301.57,305,1714,44.79,156
M08,1/12/2024 10:00,300.13,309.16,1336,22.07,154.1
M08,1/12/2024 11:00,300.76,310.35,1696,33.69,152.4
M08,1/12/2024 12:00,299.14,306.74,1917,22.47,161.2
M08,1/12/2024 13:00,301.25,305.86,2399,53.05,153.8
M08,1/12/2024 14:00,299.71,310.32,1222,42.29,158.3
M08,1/12/2024 15:00,300.4,309.19,1675,43.11,156.8
M08,1/12/2024 16:00,300.2,308.18,1344,50.81,162.1
M08,1/12/2024 17:00,301.13,311.65,1283,33.35,164.3
M08,1/12/2024 18:00,298.27,309.09,2197,46.55,158.4
M08,1/12/2024 19:00,301.98,309.22,1942,28.45,165.4
M08,1/12/2024 20:00,299.91,308.03,1316,42.33,166.3
M08,1/12/2024 21:00,300.07,306.93,1715,42.41,161.7
M08,1/12/2024 22:00,296.76,307.5,1226,23.54,167.2
M08,1/12/2024 23:00,298.46,309.14,1744,23.64,167.7
M08,1/13/2024 0:00,298.92,310.86,1969,41.23,169.4
M08,1/13/2024 1:00,295.29,305.75,1401,40.15,162.6
M08,1/13/2024 2:00,307.73,309.71,2063,80.52,169.4
M08,1/13/2024 3:00,299.4,310.44,1252,27.56,164.8
M08,1/13/2024 4:00,297.3,307.05,2044,48.07,171
M08,1/13/2024 5:00,296.77,310.73,1904,32.33,174.1
M08,1/13/2024 6:00,300.49,307.27,1738,46.9,166.8
M08,1/13/2024 7:00,301.04,309.54,2021,46.37,173.8
M08,1/13/2024 8:00,298.5,305.62,1920,41.57,174.2
M08,1/13/2024 9:00,296.59,310.8,1407,52,168.4
M08,1/13/2024 10:00,299.35,309.48,1983,27.08,176.8
M08,1/13/2024 11:00,297.36,308.06,1940,46.42,178.6
M08,1/13/2024 12:00,295.78,309.07,2236,44.51,175.4
M08,1/13/2024 13:00,298.77,307.79,1355,26.95,171.5
M08,1/13/2024 14:00,301.14,307.83,1739,25.1,174.7
M08,1/13/2024 15:00,295.93,307.7,1801,41.47,181.8
M08,1/13/2024 16:00,296.57,310.78,1703,39.18,179.5
M08,1/13/2024 17:00,298.46,310.83,1648,28.59,175.9
M08,1/13/2024 18:00,296.51,305.09,1699,53.76,182.9
M08,1/13/2024 19:00,298.07,308.89,2363,26.73,177
M08,1/13/2024 20:00,297.8,309.03,1992,46.14,182.9
M08,1/13/2024 21:00,300.62,306.84,1958,32.76,185.9
M08,1/13/2024 22:00,298.78,305.54,1475,31.26,185.7
M08,1/13/2024 23:00,300.57,309.05,1397,54.34,186
M08,1/14/2024 0:00,298.33,307.19,1666,45.2,186.1
M08,1/14/2024 1:00,298.88,311.9,2152,29.42,188
M08,1/14/2024 2:00,298.07,309.14,1332,53.36,182.2
M08,1/14/2024 3:00,306.06,305.4,2578,36.68,188.3
M08,1/14/2024 4:00,300,308.44,1473,54.52,184.1
M08,1/14/2024 5:00,298.77,309.72,1876,28.14,190
M08,1/14/2024 6:00,306.99,310.36,1844,50.2,209
M08,1/14/2024 7:00,299.3,308.71,1530,45.64,186.7
M09,1/9/2024 3:00,301.93,310.85,1260,42.73,0
M09,1/9/2024 4:00,295.62,311.62,2375,44.53,2.6
M09,1/9/2024 5:00,297.67,308.32,1903,26.4,0
M09,1/9/2024 6:00,298.01,306.76,1385,26.46,1.3
M09,1/9/2024 7:00,301.9,309.43,1895,35.81,0
M09,1/9/2024 8:00,301.16,305.43,2340,22.07,2.5
M09,1/9/2024 9:00,301.75,308.7,1209,31.44,2.6
M09,1/9/2024 10:00,298.98,307.62,1342,53.45,2.2
M09,1/9/2024 11:00,296.27,306.53,1907,23.39,7.9
M09,1/9/2024 12:00,297.62,306.24,2102,44.72,10.6
M09,1/9/2024 13:00,296.04,310.73,1262,41.77,12
M09,1/9/2024 14:00,300.56,305.84,1838,52.73,4.4
M09,1/9/2024 15:00,299.13,306.17,1404,37.42,10.2
M09,1/9/2024 16:00,301.44,311.56,2322,49.11,12.7
M09,1/9/2024 17:00,299.68,305.46,1704,32.8,8
M09,1/9/2024 18:00,296.32,307.83,1933,22.05,16.2
M09,1/9/2024 19:00,300.91,309.62,1402,49.67,8.1
M09,1/9/2024 20:00,301.38,308.94,2289,38.26,15.5
M09,1/9/2024 21:00,296.98,305.95,1605,30.25,14.9
M09,1/9/2024 22:00,297.64,308.43,2206,23.65,15.1
M09,1/9/2024 23:00,297.14,311.95,1788,46.98,17.2
M09,1/10/2024 0:00,295.29,311.63,1828,51.22,18.4
M09,1/10/2024 1:00,296.21,307.2,1298,38.7,12.2
M09,1/10/2024 2:00,296.32,311.75,1307,48.83,19.3
M09,1/10/2024 3:00,298.56,310.94,2241,32.98,20.2
M09,1/10/2024 4:00,295.69,311.65,1653,44.93,14.7
M09,1/10/2024 5:00,296.45,309.48,1231,21.58,18.6
M09,1/10/2024 6:00,295.81,307.03,1692,43.09,24.7
M09,1/10/2024 7:00,296.24,307.73,1667,33.01,220
M09,1/10/2024 8:00,299.35,306.81,2065,43.81,24.1
M09,1/10/2024 9:00,297.17,311.58,1758,34.32,17.9
M09,1/10/2024 10:00,297.64,310.9,1588,48.59,23.4
M09,1/10/2024 11:00,299.39,307.77,2119,24.51,26.2
M09,1/10/2024 12:00,295.8,306.11,2200,22.33,25.4
M09,1/10/2024 13:00,300.18,311.69,2015,29.97,23.7
M09,1/10/2024 14:00,296.83,310.33,2008,48.8,30.4
M09,1/10/2024 15:00,298.88,308.49,1460,38.14,22.7
M09,1/10/2024 16:00,295.78,305.27,1994,26.46,30.7
M09,1/10/2024 17:00,296.69,309.31,2097,45.84,28.3
M09,1/10/2024 18:00,299.64,315.72,1587,46.9,31.9
M09,1/10/2024 19:00,301.65,316.79,2780,36.17,34.4
M09,1/10/2024 20:00,296.29,306.36,2098,20.89,30.6
M09,1/10/2024 21:00,299.21,307.01,1529,73.43,36.6
M09,1/10/2024 22:00,295.12,310.04,1858,32.96,29.1
M09,1/10/2024 23:00,296.64,307.67,2352,22.04,32.3
M09,1/11/2024 0:00,301,310.34,1272,39.73,29.9
M09,1/11/2024 1:00,301.38,311.56,1990,29.89,36.1
M09,1/11/2024 2:00,300.24,309.78,1712,32.08,40.6
M09,1/11/2024 3:00,301.44,306.07,2298,50.78,33.7
M09,1/11/2024 4:00,300.12,311.74,1995,54.97,41.1
M09,1/11/2024 5:00,295.15,310.64,1494,21.49,37.1
M09,1/11/2024 6:00,300.96,311.91,1456,49.4,37.3
M09,1/11/2024 7:00,297.95,307.92,2126,35.54,38.4
M09,1/11/2024 8:00,297.28,307.79,2285,27.21,37.4
M09,1/11/2024 9:00,296.36,311.12,1944,51.51,41.5
M09,1/11/2024 10:00,297.86,309.51,1637,33.75,41.5
M09,1/11/2024 11:00,298.17,311.33,2044,21.78,39.7
M09,1/11/2024 12:00,296.1,307.69,2259,74.62,47.8
M09,1/11/2024 13:00,296.21,311.89,2353,46.92,45.5
M09,1/11/2024 14:00,300.61,306.05,1848,36.4,48.5
M09,1/11/2024 15:00,301.52,307.21,2286,45.74,49.4
M09,1/11/2024 16:00,300.51,305.6,1217,52.21,50.1
M09,1/11/2024 17:00,295.63,311.52,1930,27.11,43.6
M09,1/11/2024 18:00,300.88,307.54,1846,40.42,51.2
M09,1/11/2024 19:00,299.93,307.03,1407,48.08,45.2
M09,1/11/2024 20:00,296.14,305.83,2039,25.54,49.9
M09,1/11/2024 21:00,301.88,309.83,1710,54.16,51.8
M09,1/11/2024 22:00,298.11,310.29,1477,50.81,50.6
M09,1/11/2024 23:00,300.37,309.1,1942,52.58,52.5
M09,1/12/2024 0:00,301.26,311.79,2360,32.03,50.8
M09,1/12/2024 1:00,297.59,306.24,1814,43.71,57.4
M09,1/12/2024 2:00,301.55,311.72,1603,53.66,52.2
M09,1/12/2024 3:00,301.64,305.58,2213,20.56,58.6
M09,1/12/2024 4:00,296.18,310.96,1593,37.97,60.3
M09,1/12/2024 5:00,295.16,307.23,1541,21.82,53.6
M09,1/12/2024 6:00,298.14,308.03,1282,29.55,62
M09,1/12/2024 7:00,299.62,307.33,1264,24.57,62.5
M09,1/12/2024 8:00,300.14,305.13,1979,26.99,58.2
M09,1/12/2024 9:00,299.87,306.89,1968,31.75,62.3
M09,1/12/2024 10:00,300.49,307.85,1900,24.63,58.5
M09,1/12/2024 11:00,296.35,306.97,1370,51.97,65
M09,1/12/2024 12:00,299.66,307.23,2242,51.35,56.8
M09,1/12/2024 13:00,300.33,306.7,1562,33.07,58.9
M09,1/12/2024 14:00,300.45,311.05,1219,45.31,65.4
M09,1/12/2024 15:00,301.36,305.49,2393,41.91,67.6
M09,1/12/2024 16:00,301.11,310.5,1416,41.44,60.2
M09,1/12/2024 17:00,301.43,313.82,1580,23.21,69.9
M09,1/12/2024 18:00,295.56,307.24,2284,26.74,69.3
M09,1/12/2024 19:00,298.47,309.94,2160,30.08,68.6
M09,1/12/2024 20:00,295.43,306.29,1212,22.78,72.4
M09,1/12/2024 21:00,301.15,309.03,1587,44.5,70.4
M09,1/12/2024 22:00,296.31,307.25,1666,25.68,70.5
M09,1/12/2024 23:00,299.21,308.55,1784,27.64,67.4
M09,1/13/2024 0:00,306.29,305.05,2990,29.85,67.3
M09,1/13/2024 1:00,295.56,310.35,2113,20.42,73.9
M09,1/13/2024 2:00,299.12,311.41,1940,44.43,73.3
M09,1/13/2024 3:00,298.98,310.09,1853,35.78,75.4
M09,1/13/2024 4:00,298.5,310.34,1841,39.11,76.2
M09,1/13/2024 5:00,296.19,309.84,2039,36.27,74.1
M09,1/13/2024 6:00,300.93,311.81,2149,50.4,74.9
M09,1/13/2024 7:00,300.17,307.7,1250,50.57,78.9
M09,1/13/2024 8:00,301.09,306.05,1948,20.49,79.7
M09,1/13/2024 9:00,296.21,309.15,1576,27.59,72.7
M09,1/13/2024 10:00,296.9,306.38,2218,33.73,76.3
M09,1/13/2024 11:00,298.85,306.59,2196,41.24,79
M09,1/13/2024 12:00,300.96,308.41,1322,32.37,75.9
M09,1/13/2024 13:00,299.94,309.25,1489,28.23,85
M09,1/13/2024 14:00,297.91,305.09,1830,42.1,79.7
M09,1/13/2024 15:00,299.33,309.28,1465,38.54,80.5
M09,1/13/2024 16:00,299.82,305.9,2357,53.97,78.5
M09,1/13/2024 17:00,297.92,306.47,1868,44.09,87.7
M09,1/13/2024 18:00,299.44,311.31,2175,47.54,84.9
M09,1/13/2024 19:00,297.32,306.36,1460,53.79,87.9
M09,1/13/2024 20:00,301.38,309.96,1685,48.47,83.4
M09,1/13/2024 21:00,301.23,307.19,1395,33.45,83.1
M09,1/13/2024 22:00,298.7,308.24,1744,22.34,86.3
M09,1/13/2024 23:00,300.39,309.98,1945,49.67,83.8
M09,1/14/2024 0:00,299.43,307.29,2188,39.67,91.8
M09,1/14/2024 1:00,298.39,307.2,2298,27,92.8
M09,1/14/2024 2:00,301.47,309.24,1805,45.67,92.8
M09,1/14/2024 3:00,300.59,315.42,1970,34.8,206
M09,1/14/2024 4:00,299.56,310.34,1361,32.9,94.7
M09,1/14/2024 5:00,298.13,307.67,1521,40.78,95.3
M09,1/14/2024 6:00,296.91,306.93,2128,29.97,94.3
M09,1/14/2024 7:00,295.12,305.37,1868,39.34,92.9
M09,1/14/2024 8:00,300.04,308.85,2089,42.62,94
M09,1/14/2024 9:00,300.85,316.73,1779,31.34,98.3
M09,1/14/2024 10:00,301.49,305.98,1409,38.3,100.9
M09,1/14/2024 11:00,300.28,311.81,1892,22.84,95.7
M09,1/14/2024 12:00,297.8,305.44,2052,42.46,97
M09,1/14/2024 13:00,300.76,310.7,2118,25.57,101.4
M09,1/14/2024 14:00,296.59,305.4,2342,20.85,101
M09,1/14/2024 15:00,298.35,305.3,1676,53.25,104.9
M09,1/14/2024 16:00,297.24,307.71,2010,20.67,103.7
M09,1/14/2024 17:00,299.69,309.88,2326,22.38,236
M09,1/14/2024 18:00,295.05,309.91,2391,50.86,102.7
M09,1/14/2024 19:00,297.78,306.07,1215,52.03,105.8
M09,1/14/2024 20:00,298.89,308.58,1527,49.22,106.7
M09,1/14/2024 21:00,296.37,314.23,2004,24.17,229
M09,1/14/2024 22:00,300.63,310.2,1621,27,106.3
M09,1/14/2024 23:00,300.83,309.72,1821,32.63,101.9
M09,1/15/2024 0:00,298.97,311.19,2761,27.59,102.4
M09,1/15/2024 1:00,298.5,310.04,1870,36.03,106.8
M09,1/15/2024 2:00,301.45,308.36,1784,47.83,110.4
M09,1/15/2024 3:00,295.54,305.75,1200,49.84,110.6
M09,1/15/2024 4:00,301.63,311.51,1821,35.58,112.5
M09,1/15/2024 5:00,295.68,307.58,1590,53.98,113.4
M09,1/15/2024 6:00,296.96,309.58,1809,46.97,115.7
M09,1/15/2024 7:00,296.84,311.51,1619,24.21,113.8
M09,1/15/2024 8:00,300.55,311.16,2175,26.11,109.4
M09,1/15/2024 9:00,298.19,311.21,2341,29.56,109.2
M09,1/15/2024 10:00,295.44,309.84,1641,70.9,205
M09,1/15/2024 11:00,299.04,305.31,1329,53.58,119.3
M09,1/15/2024 12:00,300.03,306.42,1747,20.85,114
M09,1/15/2024 13:00,296.64,308.14,1203,54.85,112.5
M09,1/15/2024 14:00,301,308.91,2200,47.72,120
M09,1/15/2024 15:00,297.01,305.62,1952,35.97,118.3
M09,1/15/2024 16:00,299.61,307.6,2328,38.93,117.5
M09,1/15/2024 17:00,297.85,309.06,1962,36.36,118.6
M09,1/15/2024 18:00,300.7,310.26,2212,43.65,119.9
M09,1/15/2024 19:00,295.61,306.77,1481,31.65,120.2
M09,1/15/2024 20:00,300.28,311.03,1536,51.14,120.8
M09,1/15/2024 21:00,301.88,306.02,1899,38.91,126.4
M09,1/15/2024 22:00,300.59,305.98,1621,48.86,122.8
M09,1/15/2024 23:00,301.17,317.95,2314,21.47,120.7
M09,1/16/2024 0:00,300.51,308.42,1866,45.61,128.4
M09,1/16/2024 1:00,297.76,309.6,2004,27.67,124.7
M09,1/16/2024 2:00,300.26,305.74,2129,25.45,128.9
M09,1/16/2024 3:00,300.01,311.25,2233,48,127.6
M09,1/16/2024 4:00,299.86,307.15,2031,30.6,125.5
M09,1/16/2024 5:00,301.66,306.34,1233,21.09,125.4
M09,1/16/2024 6:00,300.43,305.5,1719,35.84,126.1
M09,1/16/2024 7:00,299.63,305.07,1814,32.01,129.5
M09,1/16/2024 8:00,299.33,311.44,1285,43.77,136.3
M09,1/16/2024 9:00,297.46,306.79,2169,50.14,131.1
M09,1/16/2024 10:00,295.69,309.82,1918,53.22,134.8
M09,1/16/2024 11:00,297.66,311.74,1377,36.62,134.2
M09,1/16/2024 12:00,300.07,310.01,1392,35.91,137
M09,1/16/2024 13:00,301.89,305.24,1834,39.34,137.3
M09,1/16/2024 14:00,305.58,318.03,1462,40.77,137.8
M09,1/16/2024 15:00,297.72,311.47,1299,28.86,133
M09,1/16/2024 16:00,296.22,308.16,1533,21.39,138.6
M09,1/16/2024 17:00,299.81,311.78,1357,62.05,138.2
M09,1/16/2024 18:00,296.28,307.38,2395,49.59,136.4
M09,1/16/2024 19:00,299.91,311.38,1407,25.76,136.2
M09,1/16/2024 20:00,305.38,305.17,2216,32.83,207
M09,1/16/2024 21:00,296.95,308.9,2064,22.34,137.2
M09,1/16/2024 22:00,299.65,308.32,2238,52.17,146.2
M09,1/16/2024 23:00,295.85,306.13,2368,26.54,139.8
M09,1/17/2024 0:00,298.82,308.9,2178,22.34,146.5
M09,1/17/2024 1:00,297.89,308.92,1675,27.09,142.4
M09,1/17/2024 2:00,297.73,307.6,2244,47.58,141.3
M09,1/17/2024 3:00,299.1,305.06,1480,31.18,143.4
M09,1/17/2024 4:00,296.49,309.65,2179,36.76,142.7
M09,1/17/2024 5:00,299.43,308.79,1345,25.11,143.7
M09,1/17/2024 6:00,301.03,305.48,2251,54.65,143.9
M09,1/17/2024 7:00,299.39,307.89,1940,52.82,152.2
M09,1/17/2024 8:00,300.27,305.3,1856,47.32,145
M09,1/17/2024 9:00,301.52,307.74,1660,46.2,146.8
M09,1/17/2024 10:00,300.53,311.22,1522,28.45,151.5
M09,1/17/2024 11:00,295.53,309.2,2054,22.32,147.8
M09,1/17/2024 12:00,296.02,309.49,1956,29.71,150.6
M09,1/17/2024 13:00,301.91,307.39,2296,41.19,157.7
M09,1/17/2024 14:00,298.29,308.41,2347,52.32,155.3
M09,1/17/2024 15:00,299.02,308.29,1386,44.2,159.8
M09,1/17/2024 16:00,299.31,305.44,1749,52.7,159.5
M09,1/17/2024 17:00,296.59,311.49,1863,51.75,157.2
M09,1/17/2024 18:00,297.14,310.78,2260,43.66,155.1
M09,1/17/2024 19:00,299.69,306.32,1485,48.08,160
M09,1/17/2024 20:00,299.8,309.99,2332,31.24,161.8
M09,1/17/2024 21:00,296.21,310.07,1796,42.35,156.7
M09,1/17/2024 22:00,300.81,306.28,2217,33.12,159.3
M09,1/17/2024 23:00,301.53,308.21,1899,25.12,162.2
M09,1/18/2024 0:00,301.77,310.69,2005,20.11,158.8
M09,1/18/2024 1:00,301.49,308.18,2327,40.43,160.4
M09,1/18/2024 2:00,296.39,305.36,2075,41.98,163.3
M09,1/18/2024 3:00,298.06,307.19,1486,26.34,162.8
M09,1/18/2024 4:00,295.38,310.93,1768,23.76,165.3
M09,1/18/2024 5:00,295.67,310.2,2066,27.17,169.6
M09,1/18/2024 6:00,295.07,307.36,1767,29.95,163.8
M09,1/18/2024 7:00,299.23,318.74,2331,32.37,257
M09,1/18/2024 8:00,297.68,308.79,1235,53.41,163.9
M09,1/18/2024 9:00,301.85,306.89,2195,24.36,166.2
M09,1/18/2024 10:00,296.69,309.27,1555,71.71,219
M09,1/18/2024 11:00,295.7,305.57,2109,35.49,172.6
M09,1/18/2024 12:00,299.31,307.66,2308,46.78,168.1
M09,1/18/2024 13:00,298.06,311.13,1901,31.27,171.8
M09,1/18/2024 14:00,300.87,309.25,1963,25.06,168.3
M09,1/18/2024 15:00,299.78,306.18,2027,27.25,171.4
M09,1/18/2024 16:00,296.74,307.03,1672,33.28,177.8
M09,1/18/2024 17:00,299.81,308.94,1332,35.83,177.8
M09,1/18/2024 18:00,297.42,307.67,2205,35.27,175
M09,1/18/2024 19:00,298.06,307.44,1751,32.83,181.3
M09,1/18/2024 20:00,296.18,310.98,2259,40.97,180.2
M09,1/18/2024 21:00,301.85,307.55,1668,23.15,182
M09,1/18/2024 22:00,299.87,305.35,1362,38.38,176.2
M09,1/18/2024 23:00,295.99,308.05,1580,28.02,177.5
M09,1/19/2024 0:00,296.62,305.65,1306,40.04,183
M09,1/19/2024 1:00,301.07,310.19,1790,39.18,185.3
M09,1/19/2024 2:00,296.65,310.65,1600,41.09,177.4
M09,1/19/2024 3:00,296.88,310.48,2293,24.34,182
M09,1/19/2024 4:00,300.06,306.07,1582,28.6,178.2
M09,1/19/2024 5:00,300.36,308.59,1242,37.53,187.9
M09,1/19/2024 6:00,296.17,308.28,1470,28.47,185.8
M09,1/19/2024 7:00,300.48,308.24,2131,26.13,181.5
M09,1/19/2024 8:00,299.48,310.28,1337,54.4,182.6
M09,1/19/2024 9:00,298.7,308.43,2008,39.26,189.2
M09,1/19/2024 10:00,298.27,309.53,2264,32.39,188.8
M09,1/19/2024 11:00,300.25,310.26,2272,52.79,185.1
M09,1/19/2024 12:00,295.88,305.25,1350,40.99,187.9
M10,1/7/2024 11:00,301.33,307.68,1813,33.08,0
M10,1/7/2024 12:00,295.11,308.05,1501,35.75,1.7
M10,1/7/2024 13:00,295.98,310.56,2011,28.56,0
M10,1/7/2024 14:00,298.07,308.41,2155,44.95,1
M10,1/7/2024 15:00,295.91,311.72,1702,53.17,7
M10,1/7/2024 16:00,297.07,305.37,2152,51.83,7.7
M10,1/7/2024 17:00,295.55,307.06,2249,39.31,0
M10,1/7/2024 18:00,300.93,305.47,1878,26.77,9.5
M10,1/7/2024 19:00,301.94,306.02,2350,29.44,1.3
M10,1/7/2024 20:00,298.65,305.17,2026,31.69,8
M10,1/7/2024 21:00,297.29,307.58,2258,40.5,11.4
M10,1/7/2024 22:00,298.03,308.6,2322,45.5,9
M10,1/7/2024 23:00,301.78,311.53,1973,31.56,11.3
M10,1/8/2024 0:00,299.45,306.01,1602,23.26,8.7
M10,1/8/2024 1:00,295.29,307.12,1472,26.81,11.3
M10,1/8/2024 2:00,300.78,306.06,2320,39.89,16.3
M10,1/8/2024 3:00,301.94,306.14,1276,29.29,12
M10,1/8/2024 4:00,298.28,311.87,2210,24,14.6
M10,1/8/2024 5:00,297.4,310.1,1962,49.77,18.2
M10,1/8/2024 6:00,298.91,311.22,1877,42.1,12.7
M10,1/8/2024 7:00,299.77,310.02,2265,43.89,18.3
M10,1/8/2024 8:00,296.72,310.7,2088,36.92,14.2
M10,1/8/2024 9:00,298.49,310.07,2028,21.8,17.6
M10,1/8/2024 10:00,296.8,310.77,2336,27.83,20.3
M10,1/8/2024 11:00,296.74,311.34,1401,44.41,18.3
M10,1/8/2024 12:00,297.8,308.97,1812,22.84,15.6
M10,1/8/2024 13:00,301.5,305.46,1842,52.41,15.3
M10,1/8/2024 14:00,298.03,307.9,1262,31.68,19.2
M10,1/8/2024 15:00,298.41,311.98,2011,40.59,20.3
M10,1/8/2024 16:00,297.01,309.27,1537,31.76,23
M10,1/8/2024 17:00,300.97,305.7,1368,47.87,17.9
M10,1/8/2024 18:00,298.45,305.65,1511,54.71,18.6
M10,1/8/2024 19:00,295.93,311.89,1951,43.76,28.5
M10,1/8/2024 20:00,306.26,305.61,1538,51.25,23.4
M10,1/8/2024 21:00,300.75,306.35,1548,51.4,29.1
M10,1/8/2024 22:00,296.87,307.04,2277,22.51,27.7
M10,1/8/2024 23:00,298.24,310.97,1522,42.52,29.4
M10,1/9/2024 0:00,299.25,309.82,1265,33.77,26.5
M10,1/9/2024 1:00,298.31,308.17,2242,30.72,30.4
M10,1/9/2024 2:00,297.93,311.51,1833,43.32,26.7
M10,1/9/2024 3:00,299.92,305.26,1320,40.57,26.6
M10,1/9/2024 4:00,298.14,306.05,1350,29.89,29.5
M10,1/9/2024 5:00,296.67,308.37,2039,24.29,33.4
M10,1/9/2024 6:00,298.86,309.11,1629,51.35,34.2
M10,1/9/2024 7:00,297.74,307.42,1300,21.1,37
M10,1/9/2024 8:00,296.31,308.48,2014,47.43,37.8
M10,1/9/2024 9:00,300.71,310.22,2064,43.04,39.5
M10,1/9/2024 10:00,301.08,306.29,1536,53.4,34.9
M10,1/9/2024 11:00,301.92,306.04,1487,28.4,37.5
M10,1/9/2024 12:00,301.35,310.05,2055,21.35,32.3
M10,1/9/2024 13:00,297.4,309.3,1890,20.1,37.8
M10,1/9/2024 14:00,298.51,306.48,1880,43.81,42.3
M10,1/9/2024 15:00,296.91,307.73,2282,54.78,40.6
M10,1/9/2024 16:00,298.04,311.65,1280,35.92,42.5
M10,1/9/2024 17:00,298.77,310.29,1291,29.96,36.2
M10,1/9/2024 18:00,301.76,305.44,2054,52.52,45.9
M10,1/9/2024 19:00,296.62,307.21,1656,35.72,40.6
M10,1/9/2024 20:00,295.27,306.61,2386,28.89,41
M10,1/9/2024 21:00,295.28,311.66,3098,28.36,39.1
M10,1/9/2024 22:00,300.7,308.83,2053,20.57,48.5
M10,1/9/2024 23:00,300.37,310.52,1304,37.38,46.4
M10,1/10/2024 0:00,298.87,310.46,1680,52.4,45.3
M10,1/10/2024 1:00,296.24,309.59,1229,43.98,42.9
M10,1/10/2024 2:00,301.63,305.14,1465,52.59,50.2
M10,1/10/2024 3:00,297.05,306.8,1531,51.71,45.7
M10,1/10/2024 4:00,295.68,311.52,1833,54.93,51.3
M10,1/10/2024 5:00,295.53,306.09,1448,49.86,45.2
M10,1/10/2024 6:00,300.45,310.56,1753,53.78,47.1
M10,1/10/2024 7:00,295.85,310.36,2294,36.29,47.9
M10,1/10/2024 8:00,296.95,305.58,1388,32.36,51.3
M10,1/10/2024 9:00,301.61,310.08,1376,54.72,49.8
M10,1/10/2024 10:00,298.65,309.83,1597,36.75,58.2
M10,1/10/2024 11:00,295.21,310.97,2085,23.62,54.8
M10,1/10/2024 12:00,296.49,306.33,2190,47.07,58
M10,1/10/2024 13:00,301.95,306.59,2212,39.51,55.8
M10,1/10/2024 14:00,297.58,311.3,1274,35.85,52
M10,1/10/2024 15:00,301.91,311.54,1893,34.54,61.1
M10,1/10/2024 16:00,301.03,305.6,1396,40.81,59.1
M10,1/10/2024 17:00,295.95,308.46,2329,45.41,57.7
M10,1/10/2024 18:00,295.23,310.85,1849,28.61,60.4
M10,1/10/2024 19:00,295.27,305.75,1814,43.27,65.8
M10,1/10/2024 20:00,300.71,311.99,1774,31.9,60.7
M10,1/10/2024 21:00,298.72,318.13,2690,45.85,61.4
M10,1/10/2024 22:00,301.52,309.22,1405,32.69,59
M10,1/10/2024 23:00,297.34,311.22,1574,40.17,64.7
M10,1/11/2024 0:00,295.34,307.18,2326,46.42,68.7
M10,1/11/2024 1:00,299.99,311.55,2318,30.4,65.9
M10,1/11/2024 2:00,301.27,310.27,1283,30.92,69.9
M10,1/11/2024 3:00,297.33,310.19,1480,22.41,71.4
M10,1/11/2024 4:00,295.75,308.34,2160,48.33,66.7
M10,1/11/2024 5:00,296.11,311.58,1707,22.87,65.1
M10,1/11/2024 6:00,298.98,311.07,1234,36.46,71.4
M10,1/11/2024 7:00,300.17,310.76,2243,28.35,69
M10,1/11/2024 8:00,301.13,309.04,1584,37.24,68.1
M10,1/11/2024 9:00,299.29,307.72,2280,30.24,67.8
M10,1/11/2024 10:00,297.88,309.05,1751,28.72,75.8
M10,1/11/2024 11:00,297.94,309.54,2219,20.05,69.1
M10,1/11/2024 12:00,300.23,309.84,2380,26.45,75.1
M10,1/11/2024 13:00,299.7,305.93,1282,64.19,72
M10,1/11/2024 14:00,296.53,311.72,2376,20.1,72.3
M10,1/11/2024 15:00,299.87,307.89,1899,27.22,72.4
M10,1/11/2024 16:00,300.5,311.08,1865,54.2,75.5
M10,1/11/2024 17:00,296.93,309.64,1498,27.24,76.1
M10,1/11/2024 18:00,301.01,309.64,2203,72.13,76
M10,1/11/2024 19:00,295.43,311.22,1322,46.19,79.3
M10,1/11/2024 20:00,295.77,307.01,1780,29.78,234
M10,1/11/2024 21:00,297.43,309.51,2120,27.03,84.2
M10,1/11/2024 22:00,301.74,306.89,2183,70.23,85.4
M10,1/11/2024 23:00,301.91,308.86,1496,23.84,84.3
M10,1/12/2024 0:00,299.83,319.34,2257,47.98,85.3
M10,1/12/2024 1:00,296.76,306.71,2338,49.95,84.3
M10,1/12/2024 2:00,301.45,309.39,2282,20.12,88.9
M10,1/12/2024 3:00,299.83,308.88,2363,31.95,84.9
M10,1/12/2024 4:00,300.13,310.05,2070,28.79,88.9
M10,1/12/2024 5:00,299.4,309.69,2357,39.74,82.6
M10,1/12/2024 6:00,296.37,306.71,1293,50.02,86
M10,1/12/2024 7:00,298.73,308.45,2082,53.51,83.3
M10,1/12/2024 8:00,298.96,305.96,2041,50.33,86
M10,1/12/2024 9:00,301.97,305.51,2323,35.44,86
M10,1/12/2024 10:00,296.53,305.68,1725,20.41,91.3
M10,1/12/2024 11:00,296.96,309.12,2121,51.26,87.1
M10,1/12/2024 12:00,299.28,305.65,1712,47.69,92.3
M10,1/12/2024 13:00,300.33,305.31,1767,38.94,94.3
M10,1/12/2024 14:00,295.04,310.89,1643,47.85,97.4
M10,1/12/2024 15:00,298.53,306.61,2378,29.72,93.5
M10,1/12/2024 16:00,297.5,308.17,1536,20.94,91
M10,1/12/2024 17:00,295.15,318.88,1552,48.78,93.1
M10,1/12/2024 18:00,296.38,307.06,1325,43.16,93.8
M10,1/12/2024 19:00,295.83,311.39,1618,32.83,99.8
M10,1/12/2024 20:00,300.84,308.02,1329,49.18,94.6
M10,1/12/2024 21:00,296.2,305.25,1558,43.96,102.7
M10,1/12/2024 22:00,300.35,306.48,1514,34.53,98.9
M10,1/12/2024 23:00,296.16,310,2336,50.93,100.6
M10,1/13/2024 0:00,299.14,311.73,2399,54.45,104.9
M10,1/13/2024 1:00,301.98,308.73,2361,27.55,101.3
M10,1/13/2024 2:00,300.86,308.12,1846,29.11,99.7
M10,1/13/2024 3:00,300.4,305.14,2031,30.34,106.1
M10,1/13/2024 4:00,295.64,309.07,1459,51.53,101.4
M10,1/13/2024 5:00,301.65,305.79,2181,33.81,106.4
M10,1/13/2024 6:00,300.72,305.37,1568,38.87,103
M10,1/13/2024 7:00,301.36,308.56,2313,50.95,103.8
M10,1/13/2024 8:00,297.37,308.76,1731,29.14,107.6
M10,1/13/2024 9:00,295.31,308.43,1620,24.89,110.8
M10,1/13/2024 10:00,295.63,306.03,2105,22.5,110.9
M10,1/13/2024 11:00,300.16,307.25,1537,43.85,114.4
M10,1/13/2024 12:00,295.23,305.08,1255,47.14,112.1
M10,1/13/2024 13:00,300.06,305.59,1537,46.51,114
M10,1/13/2024 14:00,295.58,306.33,1401,35.36,115.7
M10,1/13/2024 15:00,295.4,309.42,1252,45.17,117.4
M10,1/13/2024 16:00,299.71,310.56,2232,42.6,115.8
M10,1/13/2024 17:00,295.6,310.69,2380,38.9,111.9
M10,1/13/2024 18:00,300.38,306.05,1791,37.55,117.6
M10,1/13/2024 19:00,298.28,315.74,2157,69.2,116.5
M10,1/13/2024 20:00,297.53,308.61,2285,25.25,115.1
M10,1/13/2024 21:00,297.89,310.58,2247,27.97,115.3
M10,1/13/2024 22:00,297.56,310.75,2381,33.14,113.2
M10,1/13/2024 23:00,299.38,305.37,1625,28.41,119.6
M10,1/14/2024 0:00,298.22,307.49,1234,47.03,122.1
M10,1/14/2024 1:00,300.99,308.68,1457,67.07,117.8
M10,1/14/2024 2:00,298.7,311.23,2283,45.85,118.5
M10,1/14/2024 3:00,301.74,309.51,2321,53.2,121.6
M10,1/14/2024 4:00,298.61,307.65,1584,38.49,118
M10,1/14/2024 5:00,296.08,305.46,2019,41.67,121.1
M10,1/14/2024 6:00,299,309.69,1829,34.27,120.5
M10,1/14/2024 7:00,297.94,310.02,1954,45.28,128.1
M10,1/14/2024 8:00,295.73,311.73,1715,22.88,129.1
M10,1/14/2024 9:00,297.04,311.88,1998,25.48,130.6
M10,1/14/2024 10:00,297.03,311.11,1582,34.11,124.2
M10,1/14/2024 11:00,297.38,309.78,1801,26.71,131.3
M10,1/14/2024 12:00,299.68,308.29,1830,34.39,126.2
M10,1/14/2024 13:00,299.03,310.7,2234,52.07,124.4
M10,1/14/2024 14:00,295.76,306.69,2225,38.16,133.3
M10,1/14/2024 15:00,300.08,305.94,1326,43.58,129.1
M10,1/14/2024 16:00,299.47,311.95,1796,28.36,135.6
M10,1/14/2024 17:00,300.36,307.49,2277,29.02,130.4
M10,1/14/2024 18:00,297.76,306.55,1489,48.21,128.9
M10,1/14/2024 19:00,298.18,308.27,1453,39.05,134.8
M10,1/14/2024 20:00,299.15,309.42,1605,37.24,130.9
M10,1/14/2024 21:00,302,305.27,2032,49.92,137.5
M10,1/14/2024 22:00,301.43,309.28,2234,37.38,140.7
M10,1/14/2024 23:00,295.67,311.73,2033,47.26,139
M10,1/15/2024 0:00,295.06,311.38,2974,48.71,142.5
M10,1/15/2024 1:00,295.78,305.9,2272,52.35,135.8
M10,1/15/2024 2:00,298.31,309.92,1740,45.52,142.3
M10,1/15/2024 3:00,301.72,311.36,1206,50.88,141.6
M10,1/15/2024 4:00,299.27,307.42,1318,22.67,141.6
M10,1/15/2024 5:00,301.1,309.48,2377,30.04,141.8
M10,1/15/2024 6:00,297.78,308.34,1254,40.53,144.7
M10,1/15/2024 7:00,296.19,310.06,1641,41.23,142.9
M10,1/15/2024 8:00,298.16,319.61,2056,62.03,141.2
M10,1/15/2024 9:00,297.57,305.15,1891,28.32,148.8
M10,1/15/2024 10:00,301.76,310.21,2263,44.28,141.3
M10,1/15/2024 11:00,300.46,305.13,2949,53.03,149.7
M10,1/15/2024 12:00,297.78,309.25,1255,33.52,148.5
M10,1/15/2024 13:00,301.58,306.49,1559,46.87,145
M10,1/15/2024 14:00,295.36,308.01,2326,26.42,148.9
M10,1/15/2024 15:00,300.93,307.97,2349,42.55,145.4
M10,1/15/2024 16:00,298.67,306.85,1282,24.05,147.8
M10,1/15/2024 17:00,300.56,311.9,1597,31.99,147.9
M10,1/15/2024 18:00,301.39,310.16,2282,24.78,146.7
M10,1/15/2024 19:00,297.62,310.07,1309,23.59,150.7
M10,1/15/2024 20:00,295.13,310.76,2239,32.89,153.4
M10,1/15/2024 21:00,300.62,307,1572,52.72,155.7
M10,1/15/2024 22:00,296.79,310.65,2025,46.47,156.3
M10,1/15/2024 23:00,299.38,310.37,2372,48.28,158.7
M10,1/16/2024 0:00,300.81,309.49,2134,23.14,156
M10,1/16/2024 1:00,300.48,309.05,2364,28.69,154.9
M10,1/16/2024 2:00,295.15,308.5,1834,39.93,160.2
M10,1/16/2024 3:00,301.67,311.23,1421,26.47,160.9
M10,1/16/2024 4:00,297.06,305.99,2080,34.15,159.4
M10,1/16/2024 5:00,297.85,309.9,2342,36.55,158.6
M10,1/16/2024 6:00,300.35,311.81,1262,42.47,157.1
M10,1/16/2024 7:00,298.93,311.96,1667,38.2,158.3
M10,1/16/2024 8:00,299.22,307.53,1699,51.45,162.1
M10,1/16/2024 9:00,298.93,305.12,1783,48.98,166.6
M10,1/16/2024 10:00,301.21,305.82,1491,51.58,164.1
M10,1/16/2024 11:00,295.21,310.63,1501,34.22,166.8
M10,1/16/2024 12:00,296.03,309.63,1391,47.43,163.7
M10,1/16/2024 13:00,297.85,305.51,1643,20.52,165.5
M10,1/16/2024 14:00,299.7,309.8,1498,46.83,169.5
M10,1/16/2024 15:00,297.36,311.47,1446,28.82,164.1
M10,1/16/2024 16:00,298.79,306.68,1836,49.74,165.7
M10,1/16/2024 17:00,300.98,310.83,1536,82.78,229
M10,1/16/2024 18:00,295.44,305.39,1992,37.64,165.2
M10,1/16/2024 19:00,300.7,307.34,1252,21.68,165.9
M10,1/16/2024 20:00,299.28,306.95,1800,42.05,166.7
M10,1/16/2024 21:00,295.38,307.85,1562,50.2,172
M10,1/16/2024 22:00,301.65,309.49,1494,21.76,171.2
M10,1/16/2024 23:00,296.89,311.27,2102,35.49,171.1
M10,1/17/2024 0:00,300,308.14,1486,45.41,176.7
M10,1/17/2024 1:00,295.91,305.96,1239,39.44,170.7
M10,1/17/2024 2:00,300.07,310.78,1987,52.31,180.4
M10,1/17/2024 3:00,301.53,305.47,1739,20.8,180.7
M10,1/17/2024 4:00,296.84,311.79,1606,27.09,174.4
M10,1/17/2024 5:00,301.68,307.2,1550,27.09,182
M10,1/17/2024 6:00,298.27,311.49,2150,20.37,182.1
M10,1/17/2024 7:00,296.15,305.71,1534,20.02,175.5
M10,1/17/2024 8:00,296.67,308.59,1850,24.63,180.1
M10,1/17/2024 9:00,297.41,305.85,1646,35.66,184.8
M10,1/17/2024 10:00,297.15,309.15,1545,50.26,179.9
M10,1/17/2024 11:00,297.77,318.91,2957,35.09,180.2
M10,1/17/2024 12:00,298.29,305.76,1490,51.68,185.6
M10,1/17/2024 13:00,298.59,311.41,1353,20.49,180.5
M10,1/17/2024 14:00,298.44,310.74,2298,48.96,180.7
M10,1/17/2024 15:00,298.64,311.82,1551,40.04,183.8
M10,1/17/2024 16:00,300.49,309.81,2096,28.19,185.5
M10,1/17/2024 17:00,301.12,308.78,1435,49.68,183.7
M10,1/17/2024 18:00,297.23,305.2,1668,40.03,187.2
M10,1/17/2024 19:00,298.45,309.92,2315,45.17,187.8
M10,1/17/2024 20:00,301.96,308.18,1325,34.09,190
M11,1/5/2024 8:00,298.63,310.65,1231,32.78,0
M11,1/5/2024 9:00,295.59,310.88,1569,27.84,0
M11,1/5/2024 10:00,295.6,307.75,1949,20.52,0
M11,1/5/2024 11:00,301.56,309.81,2029,39.93,4.6
M11,1/5/2024 12:00,300.39,306.22,2368,24.86,3.7
M11,1/5/2024 13:00,300.28,311.68,2341,40.67,6.5
M11,1/5/2024 14:00,298.01,309.26,1791,47.42,8.2
M11,1/5/2024 15:00,295.89,311.43,1877,47.94,9.8
M11,1/5/2024 16:00,296.61,310.89,2087,54.13,7.1
M11,1/5/2024 17:00,298.55,307.04,1466,30.43,7.9
M11,1/5/2024 18:00,299.27,308.87,1335,42.65,5.4
M11,1/5/2024 19:00,298.82,308.21,1273,44.33,7.8
M11,1/5/2024 20:00,296.25,311.27,2022,35.67,8.9
M11,1/5/2024 21:00,301.8,306.31,2125,29.62,12.7
M11,1/5/2024 22:00,295.44,309.39,2144,37.32,11
M11,1/5/2024 23:00,296.05,309.37,2093,37.7,13.6
M11,1/6/2024 0:00,305.29,307.24,2381,26.87,216
M11,1/6/2024 1:00,299.78,310.55,1955,78.46,226
M11,1/6/2024 2:00,299.8,308.98,1262,43.56,10.4
M11,1/6/2024 3:00,296.23,310.23,1967,29.39,11.3
M11,1/6/2024 4:00,298.22,307.76,1487,32.36,18.4
M11,1/6/2024 5:00,299.47,309.44,1472,43.92,18.4
M11,1/6/2024 6:00,300.53,310.81,1655,50.32,13.7
M11,1/6/2024 7:00,301.47,311.54,1896,34.17,15.1
M11,1/6/2024 8:00,301.41,306.31,1891,45.28,22.6
M11,1/6/2024 9:00,301.62,307.72,2378,26.02,23.5
M11,1/6/2024 10:00,299.86,307.4,1957,23.58,23.4
M11,1/6/2024 11:00,295.74,309.97,1956,32.8,25
M11,1/6/2024 12:00,296.84,307.7,2344,31.35,22.4
M11,1/6/2024 13:00,300.41,307.01,1735,27.85,19
M11,1/6/2024 14:00,295.84,309.73,2249,48.85,18.5
M11,1/6/2024 15:00,301.4,309.19,1537,21.64,23.8
M11,1/6/2024 16:00,299.07,306.88,1277,23.01,23
M11,1/6/2024 17:00,295.62,307.06,1420,31.44,23.4
M11,1/6/2024 18:00,300.1,307.56,1639,48.61,25.6
M11,1/6/2024 19:00,304.78,318.5,2072,35.66,24.8
M11,1/6/2024 20:00,295.61,310.43,1563,35.98,28.5
M11,1/6/2024 21:00,295.85,309.14,2168,39.65,29.2
M11,1/6/2024 22:00,300.3,305.05,1939,24.54,32.3
M11,1/6/2024 23:00,301,307.44,1533,51.16,34
M11,1/7/2024 0:00,301.39,310.43,2052,22.04,28.6
M11,1/7/2024 1:00,298.55,310.55,2121,38.86,29
M11,1/7/2024 2:00,295.97,309.94,2244,31.8,34.3
M11,1/7/2024 3:00,298.79,307.38,2064,53.76,35.6
M11,1/7/2024 4:00,299.99,309.3,1564,37.57,31.5
M11,1/7/2024 5:00,295.83,305.58,2076,54.49,29.5
M11,1/7/2024 6:00,295.04,305.28,1519,48.06,33.7
M11,1/7/2024 7:00,299.53,306.62,1684,24.59,39.5
M11,1/7/2024 8:00,300.79,310.6,1849,22.42,31.5
M11,1/7/2024 9:00,295.24,306.43,2071,39.44,34.1
M11,1/7/2024 10:00,297.12,310.96,2274,41.59,36.9
M11,1/7/2024 11:00,300.02,306.01,1654,34.81,42.7
M11,1/7/2024 12:00,300.04,307.05,2046,25.24,34.6
M11,1/7/2024 13:00,298.61,310.17,1543,52.17,38.2
M11,1/7/2024 14:00,295.49,306.53,1554,44.76,44.1
M11,1/7/2024 15:00,295.94,310.85,1458,27.01,38.2
M11,1/7/2024 16:00,295.05,307.13,1389,22.06,44.9
M11,1/7/2024 17:00,298.64,307.91,2202,25.61,45.5
M11,1/7/2024 18:00,295.17,306.16,2165,34.14,46.1
M11,1/7/2024 19:00,296.24,306.26,1916,36.8,43
M11,1/7/2024 20:00,297.54,309.39,2190,24.75,42.1
M11,1/7/2024 21:00,295.23,306,1384,37.88,49.1
M11,1/7/2024 22:00,298.18,311.3,2334,84.05,43.1
M11,1/7/2024 23:00,299.52,306.23,2136,44.06,44.9
M11,1/8/2024 0:00,300.1,311.48,2393,53.83,53.2
M11,1/8/2024 1:00,297.28,306.21,2380,53.43,53.5
M11,1/8/2024 2:00,297.88,306.2,1406,45.65,53.2
M11,1/8/2024 3:00,299.1,309.48,1683,39.36,47.4
M11,1/8/2024 4:00,297.28,307.55,1700,47.63,55.2
M11,1/8/2024 5:00,297.24,311.58,1746,34.63,52.3
M11,1/8/2024 6:00,300.16,311.18,1648,25.65,52.1
M11,1/8/2024 7:00,295.14,307.33,1719,40.22,58.5
M11,1/8/2024 8:00,300.01,305.82,2115,41.13,58.2
M11,1/8/2024 9:00,295.02,309,2101,22.45,51
M11,1/8/2024 10:00,301.31,308.28,2279,51.87,58.4
M11,1/8/2024 11:00,299.96,310.72,1483,40.29,57.6
M11,1/8/2024 12:00,296.7,306.04,1401,24.72,56.4
M11,1/8/2024 13:00,300.08,305.38,1585,26.06,62.4
M11,1/8/2024 14:00,298.88,309.25,2153,38.15,59.3
M11,1/8/2024 15:00,297.45,306.47,1962,43.36,58.6
M11,1/8/2024 16:00,298.74,311.47,1282,27.07,58.6
M11,1/8/2024 17:00,301.46,309.52,2372,49.93,62.3
M11,1/8/2024 18:00,295.46,310.85,1533,53.39,66
M11,1/8/2024 19:00,301.5,305.65,1505,42.5,59.8
M11,1/8/2024 20:00,301.59,310.24,1249,23.24,60.8
M11,1/8/2024 21:00,304.45,308.58,1316,75.24,61.6
M11,1/8/2024 22:00,295.65,311.77,1497,33.92,66.7
M11,1/8/2024 23:00,295.81,306.1,2142,34.35,68.6
M11,1/9/2024 0:00,295.81,310.4,1382,24.06,65.7
M11,1/9/2024 1:00,301.39,305.29,1265,35.63,69.9
M11,1/9/2024 2:00,301.48,310.32,1709,26.93,69.6
M11,1/9/2024 3:00,295.26,309,2083,76.62,66.2
M11,1/9/2024 4:00,299.66,307.11,2266,23.63,72.6
M11,1/9/2024 5:00,295.7,306.99,2343,43.91,71.9
M11,1/9/2024 6:00,297.36,305.06,1868,54.37,67.9
M11,1/9/2024 7:00,295.9,310.88,1596,44.52,70.9
M11,1/9/2024 8:00,300.05,310.88,1335,48.37,243
M11,1/9/2024 9:00,297.42,310.45,2394,37.38,68.9
M11,1/9/2024 10:00,301.78,305.83,1764,26.68,78.8
M11,1/9/2024 11:00,298.78,307.71,1466,27.42,70.5
M11,1/9/2024 12:00,301.22,310.45,2715,24.93,75.8
M11,1/9/2024 13:00,298.36,308.9,1769,71.23,77.8
M11,1/9/2024 14:00,299.14,307.89,1466,24.43,75.3
M11,1/9/2024 15:00,301.31,307.4,1734,53.35,74.9
M11,1/9/2024 16:00,299.42,305.05,1784,74.55,254
M11,1/9/2024 17:00,299.48,307.58,1831,41.8,78.5
M11,1/9/2024 18:00,300.45,307.44,1783,34.88,77.3
M11,1/9/2024 19:00,307.09,305.74,1714,36.16,76.3
M11,1/9/2024 20:00,298.6,305.27,1254,48.21,84.4
M11,1/9/2024 21:00,296.61,308.15,1765,46.72,78.7
M11,1/9/2024 22:00,298.61,308.81,2258,23.41,85.9
M11,1/9/2024 23:00,295.75,309.15,1421,54.1,86.4
M11,1/10/2024 0:00,296.37,305.3,2127,23.56,80.7
M11,1/10/2024 1:00,297.32,311.78,1789,32.64,86.2
M11,1/10/2024 2:00,297.1,316.96,3090,24,83.6
M11,1/10/2024 3:00,299.73,308.13,2079,40.87,87.4
M11,1/10/2024 4:00,298.93,307.34,1610,41.24,84.7
M11,1/10/2024 5:00,301.57,311.45,2095,51.14,88.3
M11,1/10/2024 6:00,297.47,305.45,1692,49.07,91.7
M11,1/10/2024 7:00,295.22,311.86,2025,34.52,86.4
M11,1/10/2024 8:00,299.39,305.17,1338,47.83,86.7
M11,1/10/2024 9:00,299.67,305.87,1716,21.31,94.5
M11,1/10/2024 10:00,296.65,310.38,2330,22.38,94.9
M11,1/10/2024 11:00,301.01,309.42,1752,40.1,91.6
M11,1/10/2024 12:00,299.95,307.22,1552,21.48,95.3
M11,1/10/2024 13:00,300.65,307.08,2217,52.52,94
M11,1/10/2024 14:00,301.93,309.47,1333,26.95,96.7
M11,1/10/2024 15:00,300.7,307.68,2339,46.25,92.5
M11,1/10/2024 16:00,301.69,306.04,2193,30.03,92.8
M11,1/10/2024 17:00,296.86,306.63,1556,46.68,97.4
M11,1/10/2024 18:00,299.82,308.61,1792,40.4,102.9
M11,1/10/2024 19:00,298.12,305.1,1740,25.78,98.9
M11,1/10/2024 20:00,299.62,305.18,2156,21.78,99.9
M11,1/10/2024 21:00,300.91,305.74,2041,21.92,97.7
M11,1/10/2024 22:00,295.19,310.62,1731,23.33,106.1
M11,1/10/2024 23:00,301.61,310.59,1681,32.93,104.6
M11,1/11/2024 0:00,298.59,308.53,2397,35.7,99.8
M11,1/11/2024 1:00,301.83,311.74,2300,37.63,105
M11,1/11/2024 2:00,299.63,305.21,1344,53.97,109.2
M11,1/11/2024 3:00,297.13,305.97,1446,35.8,109.4
M11,1/11/2024 4:00,298.59,311.49,2369,54.4,111.1
M11,1/11/2024 5:00,301.53,308.77,2645,80.89,104.8
M11,1/11/2024 6:00,296.26,306.32,2353,22.98,108.9
M11,1/11/2024 7:00,299.54,305.59,1523,37.88,108.7
M11,1/11/2024 8:00,296.89,306.16,2067,39.59,109.5
M11,1/11/2024 9:00,304.66,318.64,2177,43.26,105.7
M11,1/11/2024 10:00,300.53,307.96,1926,34.95,110.9
M11,1/11/2024 11:00,296.74,308.41,2332,39.54,110.1
M11,1/11/2024 12:00,295.75,311.52,2389,47.93,115.5
M11,1/11/2024 13:00,297.79,307.05,1292,50.97,117.5
M11,1/11/2024 14:00,296.98,309.27,1985,39.14,116.2
M11,1/11/2024 15:00,304.14,306.86,2247,84.55,110.4
M11,1/11/2024 16:00,297.49,310.32,3097,29.63,116
M11,1/11/2024 17:00,297.8,309.88,1666,41.49,120.1
M11,1/11/2024 18:00,296.81,308.36,2279,35.58,117.8
M11,1/11/2024 19:00,299.36,305.44,1814,22.58,122.8
M11,1/11/2024 20:00,301.27,311.96,1708,32.52,121.1
M11,1/11/2024 21:00,300.7,311.99,1618,45.02,115.4
M11,1/11/2024 22:00,300.04,311.26,1899,26.53,117.6
M11,1/11/2024 23:00,297.25,308.58,2835,31.64,124.1
M11,1/12/2024 0:00,300.25,308.47,1736,24.36,117.6
M11,1/12/2024 1:00,295.22,306.35,1792,29.58,125.2
M11,1/12/2024 2:00,300.92,308.29,2191,51.38,127.4
M11,1/12/2024 3:00,298.61,309.9,2302,72.08,124.3
M11,1/12/2024 4:00,298.86,305.68,1363,35.5,123.8
M11,1/12/2024 5:00,295.73,306.59,1868,41.79,129.6
M11,1/12/2024 6:00,301.63,308.82,2302,41.61,130.3
M11,1/12/2024 7:00,299.07,309.88,2325,35.41,131.2
M11,1/12/2024 8:00,297.19,311.25,1384,31.46,128.6
M11,1/12/2024 9:00,300.63,305.35,1454,41.48,130.7
M11,1/12/2024 10:00,295.41,309.81,2178,54.81,126.7
M11,1/12/2024 11:00,301.22,305.31,1432,22.46,125.7
M11,1/12/2024 12:00,295.43,310.83,2301,46.34,131.3
M11,1/12/2024 13:00,297.95,306.74,1457,23.5,132.3
M11,1/12/2024 14:00,299.2,307.65,1215,21.72,133.2
M11,1/12/2024 15:00,297.11,305.95,2995,71.35,130.5
M11,1/12/2024 16:00,297.87,307.29,2092,29.17,128.9
M11,1/12/2024 17:00,297.18,307.97,1945,37.15,134
M11,1/12/2024 18:00,295.2,308.15,1831,46.88,139.9
M11,1/12/2024 19:00,298.54,309.26,2070,24.58,139.6
M11,1/12/2024 20:00,300.59,311.13,1467,49.9,133.6
M11,1/12/2024 21:00,299.9,305.38,2012,42.14,138.6
M11,1/12/2024 22:00,301.48,305.06,2071,25.61,135.2
M11,1/12/2024 23:00,297.06,311.74,2125,34.99,142.9
M11,1/13/2024 0:00,298.32,307.81,1847,41.46,138.7
M11,1/13/2024 1:00,296.24,309.96,1404,23.23,144.7
M11,1/13/2024 2:00,305.64,306.76,2258,42.38,146.3
M11,1/13/2024 3:00,298.61,307.77,2212,54.71,138.4
M11,1/13/2024 4:00,296.21,319.96,1933,70.81,145.7
M11,1/13/2024 5:00,296.84,306.15,2070,22.66,145.9
M11,1/13/2024 6:00,295.37,308.7,1668,45.74,148.2
M11,1/13/2024 7:00,298.01,309.88,1990,50.32,145.5
M11,1/13/2024 8:00,297.45,310.73,1545,32.9,143.6
M11,1/13/2024 9:00,297.17,305.86,2341,44.32,144
M11,1/13/2024 10:00,296.77,310.58,1749,21.65,149.2
M11,1/13/2024 11:00,297.14,307.57,2156,31.85,144.7
M11,1/13/2024 12:00,301.16,305.78,1596,25.4,151.1
M11,1/13/2024 13:00,300.39,309.3,2206,43.88,150.9
M11,1/13/2024 14:00,295.59,308.07,2015,46.75,147.9
M11,1/13/2024 15:00,299.49,310.2,2202,25.94,148.2
M11,1/13/2024 16:00,306.23,309.8,1349,51.42,150.5
M11,1/13/2024 17:00,297.71,306.73,1285,28.92,154.9
M11,1/13/2024 18:00,297.71,311.96,1670,31.37,154
M11,1/13/2024 19:00,296.87,311.26,1877,49.67,209
M11,1/13/2024 20:00,300.01,307.77,2171,37.68,155.2
M11,1/13/2024 21:00,297.97,311.92,1771,28.89,160
M11,1/13/2024 22:00,296.83,307.99,2288,27.36,156.9
M11,1/13/2024 23:00,295.46,309.22,1645,35.76,160.2
M11,1/14/2024 0:00,299.49,309.56,1856,28.43,159
M11,1/14/2024 1:00,298.2,308.52,1723,50.59,161.2
M11,1/14/2024 2:00,298.98,307.98,2400,38.47,162.4
M11,1/14/2024 3:00,300.35,309.19,1826,54.76,158.5
M11,1/14/2024 4:00,295.93,308.36,1761,49.39,162.9
M11,1/14/2024 5:00,296.63,310.67,2306,46.17,160.7
M11,1/14/2024 6:00,296.87,311.33,2340,42.7,163.6
M11,1/14/2024 7:00,296.65,308.98,1411,25.28,159.5
M11,1/14/2024 8:00,298.85,305.21,1521,53.03,164.8
M11,1/14/2024 9:00,298.62,308.6,1301,44.91,165.5
M11,1/14/2024 10:00,296.02,305.31,1439,20.52,163
M11,1/14/2024 11:00,295.11,309.84,1990,36.15,258
M11,1/14/2024 12:00,299.42,309.7,2343,52.18,169
M11,1/14/2024 13:00,295.85,308.83,1805,26.63,166.8
M11,1/14/2024 14:00,295.43,310.07,2332,30.13,166.9
M11,1/14/2024 15:00,301.6,309.13,1297,47.52,167.2
M11,1/14/2024 16:00,300.37,308.85,1483,26.82,168.3
M11,1/14/2024 17:00,299.12,310.82,1400,21.22,168
M11,1/14/2024 18:00,295.12,310.85,2027,52.06,166.8
M11,1/14/2024 19:00,296.95,307.31,1976,71.39,168.3
M11,1/14/2024 20:00,301.28,307.73,1750,23.22,168.4
M11,1/14/2024 21:00,301.41,307.09,1377,44.81,176.1
M11,1/14/2024 22:00,301.6,311.91,1203,48.27,175.2
M11,1/14/2024 23:00,299.3,311.46,1750,47.03,175.3
M11,1/15/2024 0:00,295.11,310.41,1598,35.05,176.8
M11,1/15/2024 1:00,295.99,308.74,2362,39.76,176.1
M11,1/15/2024 2:00,298.21,305.11,1679,38.9,178.4
M11,1/15/2024 3:00,299.45,305.83,2283,54.83,180.2
M11,1/15/2024 4:00,299.3,307.55,1959,48.1,178.6
M11,1/15/2024 5:00,300.91,308.99,1972,20.82,181.1
M11,1/15/2024 6:00,301.6,305.93,1934,35.91,185.5
M11,1/15/2024 7:00,298.91,311.11,1978,20.51,186.4
M11,1/15/2024 8:00,295.04,311.61,2370,32.9,178.8
M11,1/15/2024 9:00,298.23,307.35,1843,54,179.3
M11,1/15/2024 10:00,297.04,305.63,1482,37.09,182.8
M11,1/15/2024 11:00,295.52,308.79,2329,25.06,180.6
M11,1/15/2024 12:00,297.82,305.96,1745,26.2,181.8
M11,1/15/2024 13:00,297.34,309.11,2120,21.87,188.3
M11,1/15/2024 14:00,301.19,310.05,1950,29.32,183.3
M11,1/15/2024 15:00,297.43,307.06,2195,49.17,183.2
M11,1/15/2024 16:00,298.54,305.02,2383,24.95,190
M11,1/15/2024 17:00,300.81,309.97,1236,52.83,184.7
M12,1/3/2024 9:00,301.48,311.29,2039,29.63,0
M12,1/3/2024 10:00,300.79,306.95,2162,54.72,0.8
M12,1/3/2024 11:00,299.28,311.21,1773,20.18,0
M12,1/3/2024 12:00,301.62,310.72,1574,25.63,0
M12,1/3/2024 13:00,295.63,311.96,1348,33.63,7.4
M12,1/3/2024 14:00,300.56,307.61,2186,22.31,6.7
M12,1/3/2024 15:00,299.49,310.27,1320,23.2,5.3
M12,1/3/2024 16:00,299.27,310.91,1423,54.34,6.9
M12,1/3/2024 17:00,297.99,310.23,1289,46.04,3.4
M12,1/3/2024 18:00,300.56,305.37,2366,24.77,2.3
M12,1/3/2024 19:00,300.67,309.16,1230,20.16,7.4
M12,1/3/2024 20:00,300.81,309.58,2232,40.09,6.5
M12,1/3/2024 21:00,299.89,306.59,1488,47.91,9.3
M12,1/3/2024 22:00,298.89,306.49,2044,32.06,10.8
M12,1/3/2024 23:00,298.31,305.81,1380,53.58,13.6
M12,1/4/2024 0:00,295.99,308.32,1836,48.38,7.2
M12,1/4/2024 1:00,300.08,305.5,1728,31.63,8.7
M12,1/4/2024 2:00,299.65,307.82,1575,22.41,16.8
M12,1/4/2024 3:00,301.17,310.53,1937,35.32,13.9
M12,1/4/2024 4:00,296.69,311.1,1510,34.72,10
M12,1/4/2024 5:00,301.85,308.05,2079,35.67,16.1
M12,1/4/2024 6:00,300.02,306.76,1813,52.58,16
M12,1/4/2024 7:00,301.77,307.23,1666,33.39,21.5
M12,1/4/2024 8:00,305.27,307.09,3009,38.91,15.8
M12,1/4/2024 9:00,299.34,307.47,1945,53.63,14.8
M12,1/4/2024 10:00,300.1,305.07,1269,38.93,17.3
M12,1/4/2024 11:00,295.75,308.45,1833,45.57,21.4
M12,1/4/2024 12:00,301.23,305.7,1370,54.89,20.1
M12,1/4/2024 13:00,297.72,309.21,1239,24.98,24.3
M12,1/4/2024 14:00,298.12,307.72,1562,25.89,17.3
M12,1/4/2024 15:00,297.6,306.64,1748,44.45,18.6
M12,1/4/2024 16:00,295,305.58,1476,26.38,27.6
M12,1/4/2024 17:00,301.3,307.5,1321,20.37,27.9
M12,1/4/2024 18:00,299.9,305.36,1854,23.88,22.2
M12,1/4/2024 19:00,296.28,311.15,1731,35.41,29.7
M12,1/4/2024 20:00,298.07,305.31,2208,23.5,26
M12,1/4/2024 21:00,295.9,309.16,1301,52.58,29.4
M12,1/4/2024 22:00,297.56,319.8,2562,43.32,31.4
M12,1/4/2024 23:00,296.42,311.28,1442,20.11,27.4
M12,1/5/2024 0:00,301.15,308,2237,41.41,34.4
M12,1/5/2024 1:00,295.5,307.1,1392,53.44,35.3
M12,1/5/2024 2:00,299.31,311.24,2317,32.57,33.8
M12,1/5/2024 3:00,306.4,308.97,1500,70.55,30.8
M12,1/5/2024 4:00,298,311.4,2321,22.06,33.1
M12,1/5/2024 5:00,298.34,305.31,1694,54.86,33.4
M12,1/5/2024 6:00,295.88,311.23,1646,43.18,34.9
M12,1/5/2024 7:00,299.07,311.74,1967,50.17,30.2
M12,1/5/2024 8:00,298.21,310.31,1521,31.7,30.8
M12,1/5/2024 9:00,297.44,305.08,2210,27.44,35.3
M12,1/5/2024 10:00,301.29,306.29,1416,36.08,34.8
M12,1/5/2024 11:00,299.39,309.63,2372,44.59,34.5
M12,1/5/2024 12:00,297.15,310.99,1342,20.53,41.6
M12,1/5/2024 13:00,299.5,311.25,1295,32.47,34.6
M12,1/5/2024 14:00,298.79,311.39,2245,28.86,35.4
M12,1/5/2024 15:00,295.82,307.69,2109,27.7,37.4
M12,1/5/2024 16:00,296.97,309.75,2134,31.69,45.6
M12,1/5/2024 17:00,300.53,308.8,1862,50,46.2
M12,1/5/2024 18:00,299.15,309.16,2067,30.91,42.3
M12,1/5/2024 19:00,300.9,307.93,1566,47.91,47.9
M12,1/5/2024 20:00,297.59,308.64,1359,28.95,49.7
M12,1/5/2024 21:00,299.86,305.88,2111,24.01,48.6
M12,1/5/2024 22:00,296.58,310.26,1212,26.33,45.7
M12,1/5/2024 23:00,295.69,310.57,1550,22.36,51.2
M12,1/6/2024 0:00,295.87,309.01,2201,45.3,49.7
M12,1/6/2024 1:00,298.04,310.41,2230,35.28,49
M12,1/6/2024 2:00,298.85,310.11,1840,39.91,49
M12,1/6/2024 3:00,296.17,316.98,1981,80.4,45.6
M12,1/6/2024 4:00,299.23,306.51,2321,54.27,52
M12,1/6/2024 5:00,301.36,308.36,1553,48.13,49.4
M12,1/6/2024 6:00,297.18,305.37,1396,54.84,48.8
M12,1/6/2024 7:00,298.34,305.01,1563,39.29,54.4
M12,1/6/2024 8:00,299.38,310.87,2835,24.73,58.4
M12,1/6/2024 9:00,298.41,306.95,1632,45.59,59
M12,1/6/2024 10:00,300.23,305.46,1937,40.2,57.6
M12,1/6/2024 11:00,299.71,310.15,1226,24.47,57.6
M12,1/6/2024 12:00,296.94,310,1505,27.67,53.3
M12,1/6/2024 13:00,298.49,310.95,1460,44.34,53.8
M12,1/6/2024 14:00,296.36,311.29,1467,37.62,57.7
M12,1/6/2024 15:00,297.85,307.77,1205,43.88,62.5
M12,1/6/2024 16:00,300.55,306.62,2101,35.99,58.6
M12,1/6/2024 17:00,295.67,308.76,1470,46.88,62.6
M12,1/6/2024 18:00,301.93,305.63,1351,36.44,60.3
M12,1/6/2024 19:00,301.02,306.11,2287,27.64,257
M12,1/6/2024 20:00,296.93,309.34,2002,25.68,63.8
M12,1/6/2024 21:00,296.42,305.83,2197,20.49,59.4
M12,1/6/2024 22:00,301.19,311.78,2055,49.45,68.7
M12,1/6/2024 23:00,300.27,311.24,1984,28.19,64.3
M12,1/7/2024 0:00,298.99,310.63,1941,32.66,64.2
M12,1/7/2024 1:00,300.34,306.78,1274,35.43,66.2
M12,1/7/2024 2:00,299.79,309.23,1586,45.1,68.3
M12,1/7/2024 3:00,297.12,309.23,1542,35.88,64.7
M12,1/7/2024 4:00,295.94,311.17,1440,23.1,73.8
M12,1/7/2024 5:00,300.5,309.66,1903,52.93,70.5
M12,1/7/2024 6:00,299.71,305.71,2254,49.76,72
M12,1/7/2024 7:00,298.74,308.45,1400,45.9,75.7
M12,1/7/2024 8:00,296.68,307.18,1373,43.03,72.9
M12,1/7/2024 9:00,296.54,308.92,1690,51.06,75.2
M12,1/7/2024 10:00,296.97,308.23,1582,51.11,75.4
M12,1/7/2024 11:00,296.65,306.72,1614,53.23,69.8
M12,1/7/2024 12:00,295.54,309.94,1949,49.69,75.5
M12,1/7/2024 13:00,297.62,310.03,1957,50.22,78.8
M12,1/7/2024 14:00,299.83,309.73,2222,31.58,76.3
M12,1/7/2024 15:00,301.26,310.58,1749,45.26,81.9
M12,1/7/2024 16:00,297.35,306.4,1691,35.28,78.9
M12,1/7/2024 17:00,296.9,307.71,2229,33.38,82.1
M12,1/7/2024 18:00,301.34,305.89,1562,32.01,78.5
M12,1/7/2024 19:00,301.36,309.01,1827,37.78,83.7
M12,1/7/2024 20:00,297.79,306,1960,40.15,80.3
M12,1/7/2024 21:00,296.27,310.97,1690,20.47,85.8
M12,1/7/2024 22:00,296.68,310.44,1443,29.3,81.7
M12,1/7/2024 23:00,297,311.98,1742,42.77,84.4
M12,1/8/2024 0:00,301.28,311.59,1438,30.53,82.5
M12,1/8/2024 1:00,300.03,305.39,2360,34.44,86.7
M12,1/8/2024 2:00,295.73,311.35,1237,21.05,87.3
M12,1/8/2024 3:00,298.47,308.72,1929,52.19,83.1
M12,1/8/2024 4:00,297.58,308.84,1389,52.07,88
M12,1/8/2024 5:00,296.46,310.71,1772,45.87,84.9
M12,1/8/2024 6:00,298.54,308.22,1746,49.54,90.4
M12,1/8/2024 7:00,295.34,308.48,1535,50.44,94
M12,1/8/2024 8:00,299.84,307.88,1899,50.64,93.6
M12,1/8/2024 9:00,298.11,308.17,2382,35.05,93
M12,1/8/2024 10:00,296.36,319.56,1770,62.51,93.4
M12,1/8/2024 11:00,301.49,307.57,2263,81.55,88.2
M12,1/8/2024 12:00,296.25,305.9,1833,26.52,93.1
M12,1/8/2024 13:00,296.36,307.98,1816,27.93,95
M12,1/8/2024 14:00,300.38,306.52,2015,38.52,96.3
M12,1/8/2024 15:00,301.95,311.36,1606,24.26,94.5
M12,1/8/2024 16:00,299.96,308.63,2000,26.16,98.7
M12,1/8/2024 17:00,296.31,310.08,2192,47.44,95.7
M12,1/8/2024 18:00,301.76,307.47,1636,51.83,94.5
M12,1/8/2024 19:00,299.85,310.7,1664,44.48,95.7
M12,1/8/2024 20:00,299.26,305.01,1944,49.85,101.5
M12,1/8/2024 21:00,300.47,306.55,1925,27.89,97.6
M12,1/8/2024 22:00,298.55,311.8,2161,33.9,105.2
M12,1/8/2024 23:00,298.21,308.58,1996,41.25,104.7
M12,1/9/2024 0:00,298.54,306.11,1609,33.34,98.6
M12,1/9/2024 1:00,296.09,305.7,2333,27.78,108
M12,1/9/2024 2:00,299.42,306.28,1383,53.73,104
M12,1/9/2024 3:00,299.41,311.46,1736,38.69,102.5
M12,1/9/2024 4:00,296.4,308.1,1737,24.59,102.7
M12,1/9/2024 5:00,296.52,309.84,1512,24.96,103
M12,1/9/2024 6:00,295.12,305.74,1798,28.88,103.7
M12,1/9/2024 7:00,299.69,310.18,1515,45.11,109.6
M12,1/9/2024 8:00,301.02,306.25,1924,34.18,107.5
M12,1/9/2024 9:00,299.33,311.95,1632,33.01,104.9
M12,1/9/2024 10:00,300.83,309.45,2180,50.26,107.6
M12,1/9/2024 11:00,295.8,305.39,2012,43.93,110.9
M12,1/9/2024 12:00,296.65,308.4,1845,28.02,112.3
M12,1/9/2024 13:00,295.85,308.93,1504,20.47,114.1
M12,1/9/2024 14:00,297.7,307.81,1317,37.81,111.1
M12,1/9/2024 15:00,299,310.04,1948,33.51,112.1
M12,1/9/2024 16:00,298.33,307.53,1714,39.9,117.8
M12,1/9/2024 17:00,299.62,307.58,2076,54.21,113.2
M12,1/9/2024 18:00,300.36,309.71,1875,34.99,111.4
M12,1/9/2024 19:00,295.64,310.05,1633,40.68,116.5
M12,1/9/2024 20:00,300.63,305.42,1201,48.39,113
M12,1/9/2024 21:00,301.83,309.67,1345,41.8,120.1
M12,1/9/2024 22:00,300.1,305.63,1829,22.57,116.3
M12,1/9/2024 23:00,300.02,311.34,2026,36.2,120.7
M12,1/10/2024 0:00,295.25,311.68,2171,27.55,117.5
M12,1/10/2024 1:00,298.39,305.56,1579,24.61,123.1
M12,1/10/2024 2:00,295.2,311.71,2381,53.73,122.7
M12,1/10/2024 3:00,298.81,307.47,1625,52.92,125
M12,1/10/2024 4:00,299.89,307.16,1436,41.09,125.2
M12,1/10/2024 5:00,297.16,305.22,2249,43.52,127.5
M12,1/10/2024 6:00,296.27,305.87,1293,25.55,126.3
M12,1/10/2024 7:00,295.16,307.44,1974,29.53,124
M12,1/10/2024 8:00,300.6,306.99,1214,44.88,121.9
M12,1/10/2024 9:00,298.93,307.77,1833,39.07,130.3
M12,1/10/2024 10:00,297.08,308.13,2121,52.32,132.3
M12,1/10/2024 11:00,300.71,307.7,1911,34.93,134.1
M12,1/10/2024 12:00,297.31,305.16,1700,32.36,132
M12,1/10/2024 13:00,295.26,310.17,1757,39.78,131.9
M12,1/10/2024 14:00,298.09,305.77,2358,42.75,127.9
M12,1/10/2024 15:00,296.56,306.44,1959,40.77,134.4
M12,1/10/2024 16:00,297.45,306.13,1529,36.19,134.7
M12,1/10/2024 17:00,296.64,305.55,1843,41.49,137.9
M12,1/10/2024 18:00,298.92,308.99,1886,41.41,133
M12,1/10/2024 19:00,299.6,306.74,1876,46.38,139
M12,1/10/2024 20:00,297.05,306.55,1727,47.49,139
M12,1/10/2024 21:00,295.85,308.99,1700,46.35,134.2
M12,1/10/2024 22:00,301,306.93,2123,29.98,138.3
M12,1/10/2024 23:00,297.87,305.12,2349,26,135.6
M12,1/11/2024 0:00,298.5,305.9,2176,45.32,136.3
M12,1/11/2024 1:00,300.72,309.5,2269,40.39,144.2
M12,1/11/2024 2:00,296.1,311.77,2369,35.59,136.2
M12,1/11/2024 3:00,301.02,310.33,2180,31.44,145.4
M12,1/11/2024 4:00,296.35,309.41,2045,32.97,141.8
M12,1/11/2024 5:00,301.01,305.88,1700,20.36,140.9
M12,1/11/2024 6:00,300.94,307.67,1331,25.19,144.7
M12,1/11/2024 7:00,300.76,305.99,1928,23.73,147.2
M12,1/11/2024 8:00,301.05,307.33,2005,50.25,145.4
M12,1/11/2024 9:00,296.33,309.08,2165,53.73,146.5
M12,1/11/2024 10:00,300.64,311.46,1647,53.05,144.3
M12,1/11/2024 11:00,297.09,306.82,1870,33.88,144.7
M12,1/11/2024 12:00,301.54,308.86,1298,50.98,146.2
M12,1/11/2024 13:00,300.8,306.1,1477,21.17,146.4
M12,1/11/2024 14:00,297.05,306.86,1625,42.96,144.9
M12,1/11/2024 15:00,298.16,309.06,2233,45.95,152.2
M12,1/11/2024 16:00,300.47,308.78,1257,21.14,154.2
M12,1/11/2024 17:00,299.56,309.98,1488,39.92,149.8
M12,1/11/2024 18:00,301.71,306.07,1383,42.63,157.5
M12,1/11/2024 19:00,297,308.26,1585,54.77,151.5
M12,1/11/2024 20:00,295.41,306.6,1950,53.15,150.9
M12,1/11/2024 21:00,299.27,306.96,2000,31.84,154.5
M12,1/11/2024 22:00,301.1,311.46,1526,26.96,152.1
M12,1/11/2024 23:00,299.37,306.64,1479,20.57,154.9
M12,1/12/2024 0:00,295.75,306.43,1220,28.04,154.5
M12,1/12/2024 1:00,298.28,305.47,1451,43.46,157.4
M12,1/12/2024 2:00,301.53,305.07,2074,24.97,158.6
M12,1/12/2024 3:00,300.26,307.21,1316,26.07,161
M12,1/12/2024 4:00,295.55,311.32,1672,45.72,160.9
M12,1/12/2024 5:00,298.41,306.64,1643,29.48,165.3
M12,1/12/2024 6:00,295.33,308.78,2138,22.38,166.6
M12,1/12/2024 7:00,300.19,312,1233,23.18,164.8
M12,1/12/2024 8:00,299.63,305.93,1306,50.84,159
M12,1/12/2024 9:00,300.06,311.41,1730,43.12,164.6
M12,1/12/2024 10:00,301.71,310.82,2175,42.48,166.8
M12,1/12/2024 11:00,296.82,305.74,1574,52.4,161.2
M12,1/12/2024 12:00,298.79,308.76,2102,25.39,168.2
M12,1/12/2024 13:00,297.38,311.11,1331,79.2,223
M12,1/12/2024 14:00,299.99,311.4,1501,53.15,167.8
M12,1/12/2024 15:00,298.16,310.39,1356,47.81,164.7
M12,1/12/2024 16:00,301.86,305.83,2137,53.81,164.9
M12,1/12/2024 17:00,301.88,308.87,1302,43.44,174.1
M12,1/12/2024 18:00,298.18,305.35,2192,30.2,166.4
M12,1/12/2024 19:00,296.58,306.06,1412,40.57,173
M12,1/12/2024 20:00,297.48,309.19,1424,37.29,169.2
M12,1/12/2024 21:00,298.45,307.71,1721,28.74,173.9
M12,1/12/2024 22:00,295.15,311,1506,25.05,172.8
M12,1/12/2024 23:00,297.24,310.68,1983,49.75,171.7
M12,1/13/2024 0:00,300.15,309.85,1600,27.08,173.5
M12,1/13/2024 1:00,301.14,310.83,1824,37.58,176.5
M12,1/13/2024 2:00,299.06,307.31,1754,79.38,248
M12,1/13/2024 3:00,297.45,309.28,1841,26.63,179.7
M12,1/13/2024 4:00,299.37,311.33,2013,34.95,180.2
M12,1/13/2024 5:00,301.14,310.19,2048,28.16,176.2
M12,1/13/2024 6:00,298.32,310.56,1527,69.38,180.8
M12,1/13/2024 7:00,295.59,310.67,1474,20.97,179.6
M12,1/13/2024 8:00,296.1,309.15,1439,22.5,185.9
M12,1/13/2024 9:00,300.38,306.53,1510,40.7,180.6
M12,1/13/2024 10:00,299.07,306.63,1700,36.21,185.4
M12,1/13/2024 11:00,306.48,310.79,3076,43.24,188.5
M12,1/13/2024 12:00,295.19,309.68,1895,23.4,181.7
M12,1/13/2024 13:00,299.58,310.32,1282,21.53,186.2
M12,1/13/2024 14:00,296.57,310.99,1331,48.66,182
M12,1/13/2024 15:00,295.66,310.8,1356,33.02,184.9
M12,1/13/2024 16:00,301.18,309.98,2302,25.38,187.1
M12,1/13/2024 17:00,298.5,307.81,1217,23.64,189.3
M12,1/13/2024 18:00,296.84,308.76,1997,30.83,187.3
M13,1/8/2024 5:00,295.01,310.56,1563,39.95,0
M13,1/8/2024 6:00,298.1,308.67,1700,49.12,1
M13,1/8/2024 7:00,301.72,309.46,1777,53.1,0.5
M13,1/8/2024 8:00,300.22,309.17,1464,27.62,3.9
M13,1/8/2024 9:00,304.78,311.51,1496,26.27,0
M13,1/8/2024 10:00,299.28,308.72,1430,29.85,3.7
M13,1/8/2024 11:00,301.16,310.41,1429,23.15,8.2
M13,1/8/2024 12:00,300.78,307.84,1768,40.14,5.6
M13,1/8/2024 13:00,298.6,306.39,2325,20.7,3.3
M13,1/8/2024 14:00,297.87,310.16,1544,44.72,2.5
M13,1/8/2024 15:00,296.38,306.13,1889,26.77,6.6
M13,1/8/2024 16:00,295.03,309.42,1868,48.34,6.1
M13,1/8/2024 17:00,301.29,308.85,1203,52.74,9.7
M13,1/8/2024 18:00,297.93,310.67,1550,43.1,10.5
M13,1/8/2024 19:00,295.42,307.79,2085,25.74,10.2
M13,1/8/2024 20:00,296.71,306.59,2338,54.75,8.5
M13,1/8/2024 21:00,299.27,307.7,1617,27.51,12
M13,1/8/2024 22:00,295.58,307.35,1433,50.91,17.6
M13,1/8/2024 23:00,300.25,310.38,1562,33.92,9.7
M13,1/9/2024 0:00,297.13,310.44,1201,54.06,11.3
M13,1/9/2024 1:00,300.54,306.41,1662,45.09,11.7
M13,1/9/2024 2:00,300.94,310.12,1658,32.23,12.8
M13,1/9/2024 3:00,300.1,305.44,2176,31.39,21.1
M13,1/9/2024 4:00,299.9,313.54,2187,37.26,239
M13,1/9/2024 5:00,298.66,310.99,1745,28.66,14
M13,1/9/2024 6:00,299.25,311.7,1439,36.12,19
M13,1/9/2024 7:00,301.79,307.93,2292,42.51,20.2
M13,1/9/2024 8:00,299.63,306.25,1234,54.67,23.7
M13,1/9/2024 9:00,297.74,307.58,2017,38.69,23.9
M13,1/9/2024 10:00,297.48,310.81,1483,31.33,19.1
M13,1/9/2024 11:00,299.15,311.24,1532,32.02,20
M13,1/9/2024 12:00,298.05,309.46,2110,45.84,27.4
M13,1/9/2024 13:00,299.25,308.12,2173,25,25.5
M13,1/9/2024 14:00,301.92,307.13,2096,40.09,255
M13,1/9/2024 15:00,299.17,307.15,2219,28.92,24.4
M13,1/9/2024 16:00,299,307.84,1354,53.38,23.5
M13,1/9/2024 17:00,298.53,307.12,2041,36.17,25.2
M13,1/9/2024 18:00,301.61,307.4,2016,45.66,28.5
M13,1/9/2024 19:00,301.98,307.05,2396,38.68,26.5
M13,1/9/2024 20:00,300.55,306.17,2254,48.22,33.4
M13,1/9/2024 21:00,296.2,310.85,1264,25.74,26.8
M13,1/9/2024 22:00,297.78,307.03,1325,20.63,31.6
M13,1/9/2024 23:00,300.83,307.51,1413,46.96,26.9
M13,1/10/2024 0:00,299.01,306.33,1284,31.55,30.7
M13,1/10/2024 1:00,298.86,309.33,2170,29.17,37
M13,1/10/2024 2:00,298.87,307.91,1684,20.51,38.5
M13,1/10/2024 3:00,297.59,305.09,1201,27.45,36.8
M13,1/10/2024 4:00,300.32,307.82,1928,42.58,30.9
M13,1/10/2024 5:00,297.5,307.05,2342,29.14,37.1
M13,1/10/2024 6:00,301.85,309.65,1802,35.12,37.9
M13,1/10/2024 7:00,298.36,310.05,1239,42.88,38.3
M13,1/10/2024 8:00,301.15,310.63,1263,23.95,41.3
M13,1/10/2024 9:00,301.22,305.86,1672,29.5,37.5
M13,1/10/2024 10:00,296.76,309.21,1288,33.77,38
M13,1/10/2024 11:00,297.95,311.32,2020,48.65,39.8
M13,1/10/2024 12:00,295.27,305.99,1458,24.09,45.9
M13,1/10/2024 13:00,298.05,308.34,1845,52.64,45.2
M13,1/10/2024 14:00,300.99,305.87,1216,31.61,40.5
M13,1/10/2024 15:00,299.62,308.08,1260,29.05,42.2
M13,1/10/2024 16:00,297.13,307.02,1866,33.03,42.1
M13,1/10/2024 17:00,296.2,310.94,1674,38.7,43.7
M13,1/10/2024 18:00,295.57,305.96,1882,45.5,43.5
M13,1/10/2024 19:00,300.8,311.3,1315,20.12,44.6
M13,1/10/2024 20:00,296.29,305.64,1339,52.53,50.7
M13,1/10/2024 21:00,300.45,306,2148,37.31,47.9
M13,1/10/2024 22:00,299.5,310.12,1909,39.45,51.5
M13,1/10/2024 23:00,297.27,306.27,1825,25.96,53.6
M13,1/11/2024 0:00,301.01,305.71,1436,54.21,49.2
M13,1/11/2024 1:00,295.59,305.47,1888,52.07,52
M13,1/11/2024 2:00,297.54,309.2,1729,35.69,50.5
M13,1/11/2024 3:00,300.35,309.47,1930,47.03,51.2
M13,1/11/2024 4:00,300.12,310.97,1805,23.92,56.9
M13,1/11/2024 5:00,297.49,307.1,2369,36.08,52.3
M13,1/11/2024 6:00,299.22,305.26,1673,37.09,55.8
M13,1/11/2024 7:00,295.87,306.52,1370,50.58,51.9
M13,1/11/2024 8:00,300.78,308.65,1573,34.95,52.4
M13,1/11/2024 9:00,298.74,306.23,2340,22.39,60.7
M13,1/11/2024 10:00,305.5,305.07,2336,35.22,56.7
M13,1/11/2024 11:00,297.14,307.29,1635,52.43,61.6
M13,1/11/2024 12:00,300.64,308.58,1407,37.92,63.7
M13,1/11/2024 13:00,299.8,306.32,1771,50.43,60.8
M13,1/11/2024 14:00,298.1,307.65,1532,40.74,60.5
M13,1/11/2024 15:00,301.91,306.57,2011,24.78,63.4
M13,1/11/2024 16:00,297.63,310.56,1736,54.01,61.5
M13,1/11/2024 17:00,299.03,310.53,1275,23.93,64.2
M13,1/11/2024 18:00,298.36,309.04,2288,51.71,67.9
M13,1/11/2024 19:00,297.38,305.67,1374,38.91,64.5
M13,1/11/2024 20:00,301.33,306.19,1803,33.65,68.5
M13,1/11/2024 21:00,298.62,309.33,2137,40.4,66.3
M13,1/11/2024 22:00,301.14,310.77,2204,31.5,69.7
M13,1/11/2024 23:00,298.64,311.62,1427,49.49,63.9
M13,1/12/2024 0:00,298.09,309.09,2303,41.32,73.1
M13,1/12/2024 1:00,300.87,310.74,1812,38.51,66.8
M13,1/12/2024 2:00,301.02,311.29,2146,20.5,69
M13,1/12/2024 3:00,297.09,311.76,1873,48.38,74.3
M13,1/12/2024 4:00,296.44,308.47,1527,38.31,71.1
M13,1/12/2024 5:00,295.58,310.08,1260,27.35,73
M13,1/12/2024 6:00,300.94,305.8,1367,40.23,74.8
M13,1/12/2024 7:00,305.5,305.56,1889,40.18,78.4
M13,1/12/2024 8:00,299.04,307.59,1502,39.61,74.5
M13,1/12/2024 9:00,296.45,310.76,1965,23.13,79.3
M13,1/12/2024 10:00,298.53,310.26,2151,53.64,71.9
M13,1/12/2024 11:00,297.23,305.89,2008,20.7,80
M13,1/12/2024 12:00,296.69,309.09,1221,28.7,81.9
M13,1/12/2024 13:00,299.01,308.32,1475,42.62,77.2
M13,1/12/2024 14:00,300.06,305.3,1320,44.15,78.1
M13,1/12/2024 15:00,295.71,308.52,1451,21.5,78.8
M13,1/12/2024 16:00,297.1,310,1623,34.02,85.4
M13,1/12/2024 17:00,300.57,308.72,1621,33.27,81.1
M13,1/12/2024 18:00,295.55,309.83,2243,45.22,81.8
M13,1/12/2024 19:00,297.47,310.59,1323,44.65,84.9
M13,1/12/2024 20:00,301.83,311.84,2081,23.16,85.7
M13,1/12/2024 21:00,299.66,305.6,1884,50.13,88.3
M13,1/12/2024 22:00,298.41,306.3,1910,47.64,82
M13,1/12/2024 23:00,296.72,311.7,1287,43.1,90
M13,1/13/2024 0:00,298.3,306.27,1257,49.93,87.8
M13,1/13/2024 1:00,300.36,307.65,1209,32.01,85.7
M13,1/13/2024 2:00,295.58,310.65,1725,22.4,91
M13,1/13/2024 3:00,295.24,305.73,2145,53.56,87.9
M13,1/13/2024 4:00,297.34,311.11,1813,34.34,88.1
M13,1/13/2024 5:00,301.74,305.26,2347,39.14,87.6
M13,1/13/2024 6:00,295.06,306,2059,27.3,88.3
M13,1/13/2024 7:00,301.11,306.84,1730,43.68,92.3
M13,1/13/2024 8:00,299.05,309.14,1632,52.43,94.2
M13,1/13/2024 9:00,295.31,308.47,1732,44.33,97.8
M13,1/13/2024 10:00,299.25,311.76,1207,39.94,91.7
M13,1/13/2024 11:00,301.01,311.57,2242,35.9,93.5
M13,1/13/2024 12:00,301.73,305.78,1685,49.09,99.2
M13,1/13/2024 13:00,301.25,305.95,2205,24.32,94.9
M13,1/13/2024 14:00,299.49,307.97,2332,53.59,102.9
M13,1/13/2024 15:00,305.78,314.84,1754,47.15,101.5
M13,1/13/2024 16:00,298.29,309.56,1935,53.66,96.8
M13,1/13/2024 17:00,297.83,310.33,2120,20.49,97.8
M13,1/13/2024 18:00,295.06,305.09,1430,52.97,99.6
M13,1/13/2024 19:00,299.46,307.93,1247,26.52,98.1
M13,1/13/2024 20:00,296.85,306.17,1280,52.33,98.3
M13,1/13/2024 21:00,301.04,306.63,1374,41.39,105.6
M13,1/13/2024 22:00,298.23,305.05,1772,22.32,99.7
M13,1/13/2024 23:00,299.83,310.87,1757,23.49,102
M13,1/14/2024 0:00,301.98,306.68,2328,42.51,101.2
M13,1/14/2024 1:00,299.31,305.69,1495,25.05,104.2
M13,1/14/2024 2:00,295.2,310.11,2342,36.61,109.6
M13,1/14/2024 3:00,301.06,309.02,1619,26.42,106.7
M13,1/14/2024 4:00,300.89,310.55,1579,30.14,106.3
M13,1/14/2024 5:00,299.52,306.5,2058,23.49,109.8
M13,1/14/2024 6:00,295.25,307.14,2276,35.11,112.1
M13,1/14/2024 7:00,303.64,306.05,2017,35.7,112.5
M13,1/14/2024 8:00,297.35,310.55,2000,51.26,110.9
M13,1/14/2024 9:00,299,306.38,2313,40.42,107.6
M13,1/14/2024 10:00,299.23,305.21,1396,37.32,109.6
M13,1/14/2024 11:00,298.94,305.09,2144,27.57,113.6
M13,1/14/2024 12:00,300.45,309.58,1551,25.61,110.9
M13,1/14/2024 13:00,297.66,305.29,2243,36.54,111.3
M13,1/14/2024 14:00,296,305.84,1719,31.07,120.5
M13,1/14/2024 15:00,300.2,310.55,2215,23.88,113.7
M13,1/14/2024 16:00,301.75,308.32,1212,35.92,115.9
M13,1/14/2024 17:00,301.88,306.01,1661,46.59,116.5
M13,1/14/2024 18:00,301.32,306.29,1495,23.25,118.3
M13,1/14/2024 19:00,296.27,311.38,1752,46.44,116.5
M13,1/14/2024 20:00,301.56,310.11,2394,29.51,123.3
M13,1/14/2024 21:00,300.9,311.18,1969,41.6,118.7
M13,1/14/2024 22:00,299.49,307.47,1393,27.86,118.7
M13,1/14/2024 23:00,299.56,309.22,1814,45.21,118.4
M13,1/15/2024 0:00,295.94,311.64,1935,40.45,122.4
M13,1/15/2024 1:00,295.92,305.74,1426,31.19,128.9
M13,1/15/2024 2:00,300.89,306.2,2080,38.92,124.4
M13,1/15/2024 3:00,297,309.25,2297,50.97,123.7
M13,1/15/2024 4:00,300.54,311.36,2252,43.61,123.2
M13,1/15/2024 5:00,301.99,311.35,2224,38.39,125.8
M13,1/15/2024 6:00,298.58,306.62,2341,54.17,133.2
M13,1/15/2024 7:00,295.23,316.05,2361,24.57,251
M13,1/15/2024 8:00,299.38,310.84,1867,54.29,127.7
M13,1/15/2024 9:00,298.06,308.14,1280,37.65,126.9
M13,1/15/2024 10:00,298.69,314.8,2084,26.56,133.6
M13,1/15/2024 11:00,300.09,309.8,1503,50.32,130.8
M13,1/15/2024 12:00,301.15,310.33,1204,22.13,128.2
M13,1/15/2024 13:00,296.74,307.04,2025,35.87,134.7
M13,1/15/2024 14:00,295.02,308.65,2363,54.97,130.7
M13,1/15/2024 15:00,300.59,305.16,1389,33.46,137.8
M13,1/15/2024 16:00,300.74,305.97,2212,27.05,135.6
M13,1/15/2024 17:00,299.71,311.62,2382,45.44,139.2
M13,1/15/2024 18:00,297.72,308.79,1889,30.51,142.4
M13,1/15/2024 19:00,301.6,311.07,2321,34.88,143.3
M13,1/15/2024 20:00,295.28,305.16,2254,29.71,136.3
M13,1/15/2024 21:00,301.23,310.06,1700,53.36,135.7
M13,1/15/2024 22:00,301.18,307.23,2337,42.6,142.5
M13,1/15/2024 23:00,295.99,309.01,1832,25.25,136.5
M13,1/16/2024 0:00,300.63,309.65,1340,32.71,140.4
M13,1/16/2024 1:00,297.89,305.21,1858,33.13,143.6
M13,1/16/2024 2:00,296.98,311.23,1759,50.21,143
M13,1/16/2024 3:00,295.38,305.41,1482,29.34,210
M13,1/16/2024 4:00,299.82,306.07,1482,42.84,145.3
M13,1/16/2024 5:00,305.74,311.78,1505,53.63,249
M13,1/16/2024 6:00,297.27,305.95,1665,47.64,145.3
M13,1/16/2024 7:00,297.88,317.53,1655,32.06,147
M13,1/16/2024 8:00,301.95,308.92,1485,39.31,146.5
M13,1/16/2024 9:00,299.81,311.57,1561,47.52,153.7
M13,1/16/2024 10:00,295.13,309.66,2014,24,145
M13,1/16/2024 11:00,296.21,305.39,2073,34.29,146
M13,1/16/2024 12:00,296.7,306,1377,21.04,153.5
M13,1/16/2024 13:00,296.23,311.89,1460,39.87,156.9
M13,1/16/2024 14:00,295.48,305.63,1260,42.92,150.4
M13,1/16/2024 15:00,297.62,308.48,2079,35.23,151.8
M13,1/16/2024 16:00,300.4,310.11,1729,30.92,156.5
M13,1/16/2024 17:00,297.14,306.24,1495,54.25,154.2
M13,1/16/2024 18:00,299.44,307.68,1251,23.75,151.7
M13,1/16/2024 19:00,297.56,310.03,1619,53.74,154.7
M13,1/16/2024 20:00,296.82,307.45,2063,22.91,162.3
M13,1/16/2024 21:00,296.14,307.22,1407,46.23,154.3
M13,1/16/2024 22:00,301.67,307.76,1207,37.83,162.3
M13,1/16/2024 23:00,297.71,307.46,2019,53.34,163.2
M13,1/17/2024 0:00,295.54,311.49,2105,50.94,159.4
M13,1/17/2024 1:00,298.57,310.91,1800,36.57,164.4
M13,1/17/2024 2:00,299.05,309.47,1940,20.53,161
M13,1/17/2024 3:00,300.64,307.12,2358,36.92,160.7
M13,1/17/2024 4:00,296.65,311.05,1629,30.77,161.5
M13,1/17/2024 5:00,300.17,307.65,1512,53.16,160.7
M13,1/17/2024 6:00,299.46,310.9,1929,25.73,162.5
M13,1/17/2024 7:00,295.12,307.8,1766,48.04,167.1
M13,1/17/2024 8:00,295.87,309.69,2209,47.09,166.9
M13,1/17/2024 9:00,296.03,306.74,2078,28.17,164.5
M13,1/17/2024 10:00,300.52,308.5,2229,48.22,170.2
M13,1/17/2024 11:00,296.94,310.61,2299,20.81,167.8
M13,1/17/2024 12:00,300.42,307.43,1401,48.58,174.4
M13,1/17/2024 13:00,296.13,311.15,1836,26.86,172.7
M13,1/17/2024 14:00,300.08,306.73,1260,24.15,170
M13,1/17/2024 15:00,300.21,308.7,1208,48.83,169.2
M13,1/17/2024 16:00,299.99,309.49,2234,33.48,177.4
M13,1/17/2024 17:00,295.44,309.89,1415,40.81,173.8
M13,1/17/2024 18:00,299.23,311.71,1364,23.13,171.8
M13,1/17/2024 19:00,296.47,311.43,2172,48.47,172.2
M13,1/17/2024 20:00,298.47,305.69,2155,82.22,176.1
M13,1/17/2024 21:00,296.09,311.91,1926,43.93,177.5
M13,1/17/2024 22:00,295.36,308.55,1401,40.36,174.9
M13,1/17/2024 23:00,298.27,308.67,1946,52.24,179.1
M13,1/18/2024 0:00,301.71,307.39,1891,38.55,238
M13,1/18/2024 1:00,299.73,310.86,2270,46.06,179.1
M13,1/18/2024 2:00,299.19,305.39,1664,36.38,184.6
M13,1/18/2024 3:00,295.19,309.83,1427,47.27,180.6
M13,1/18/2024 4:00,295.91,306.42,1986,28.8,181.5
M13,1/18/2024 5:00,296.39,307.37,1664,21.41,186.2
M13,1/18/2024 6:00,295.74,311.32,1572,47.94,183.6
M13,1/18/2024 7:00,300.01,307.56,2850,36.29,188.6
M13,1/18/2024 8:00,296.36,310.38,1636,50.67,189.3
M13,1/18/2024 9:00,300.77,307.73,1277,47.63,184.3
M13,1/18/2024 10:00,305.47,307.47,2671,29.09,187.9
M13,1/18/2024 11:00,296.72,310.95,1946,44.39,190
M13,1/18/2024 12:00,295.63,305.38,1436,49.36,190
M13,1/18/2024 13:00,297.72,305.03,1219,27.62,187.1
M13,1/18/2024 14:00,301.68,309.54,1728,51.25,185.8
M14,1/8/2024 12:00,300.24,305.79,2302,50.3,0.8
M14,1/8/2024 13:00,300.99,308.52,1651,20.83,0
M14,1/8/2024 14:00,297.98,310.67,1352,48.49,0
M14,1/8/2024 15:00,296.03,307.58,1345,33.2,4.5
M14,1/8/2024 16:00,300,311.92,1795,34.15,6
M14,1/8/2024 17:00,301.07,309.3,1875,28.14,4.3
M14,1/8/2024 18:00,297.28,310.74,1765,51.92,3.8
M14,1/8/2024 19:00,296.09,308.54,2398,47.55,8.9
M14,1/8/2024 20:00,298.31,308.86,1857,46.06,10.2
M14,1/8/2024 21:00,298.82,305.53,2119,51.77,5.1
M14,1/8/2024 22:00,296.64,307.6,2352,37.42,3.6
M14,1/8/2024 23:00,296.08,310.98,1293,46.68,11.5
M14,1/9/2024 0:00,296.59,307.68,1514,30.35,7
M14,1/9/2024 1:00,300.9,307.59,1773,34.8,9.5
M14,1/9/2024 2:00,297.51,308.09,1255,36.12,6.3
M14,1/9/2024 3:00,295.86,307.69,1739,46.41,11.2
M14,1/9/2024 4:00,300.27,308.37,1325,27.58,12
M14,1/9/2024 5:00,296.6,305.11,1580,51.1,10.9
M14,1/9/2024 6:00,297.11,310.93,2140,43.51,12.5
M14,1/9/2024 7:00,296.21,306.82,2007,43.98,13.5
M14,1/9/2024 8:00,298.16,308.89,1814,54.9,14.7
M14,1/9/2024 9:00,295.95,308.12,1972,43.91,12.4
M14,1/9/2024 10:00,301.02,309.94,1892,27.29,17.2
M14,1/9/2024 11:00,298.33,309.84,1933,41.13,14.7
M14,1/9/2024 12:00,300.05,310.85,1306,75.19,219
M14,1/9/2024 13:00,296.23,309.86,1958,47.21,16.6
M14,1/9/2024 14:00,295.18,308.67,1496,36.6,20.5
M14,1/9/2024 15:00,301.7,307.29,2971,35.02,18.1
M14,1/9/2024 16:00,298.15,310.16,2224,40.84,20.9
M14,1/9/2024 17:00,297.41,306.11,1357,40.53,25.7
M14,1/9/2024 18:00,300.47,306.82,1570,36.69,26.4
M14,1/9/2024 19:00,295.91,310.1,1569,22.09,20.3
M14,1/9/2024 20:00,296.03,305.72,1353,49.26,27.6
M14,1/9/2024 21:00,298.43,309.25,2207,23.73,21.7
M14,1/9/2024 22:00,296.1,311.18,1961,23.99,23.5
M14,1/9/2024 23:00,299.04,306.63,1967,26.15,22.6
M14,1/10/2024 0:00,299.05,306.45,1566,26.55,31.3
M14,1/10/2024 1:00,301.96,311.89,2325,20.49,33.1
M14,1/10/2024 2:00,296.29,307.78,2214,49.01,24.5
M14,1/10/2024 3:00,301.08,308.15,1239,52.26,32.7
M14,1/10/2024 4:00,301.47,308.12,1280,51.09,32.3
M14,1/10/2024 5:00,297.04,306.39,1578,34.46,30.7
M14,1/10/2024 6:00,296.96,309.04,1431,50.21,31.3
M14,1/10/2024 7:00,300.48,308.03,1694,52.06,27.7
M14,1/10/2024 8:00,298.94,310.19,1865,29.1,30
M14,1/10/2024 9:00,300.1,310.72,2326,31.38,36.2
M14,1/10/2024 10:00,299.23,305.89,1523,54.7,34.9
M14,1/10/2024 11:00,295.61,311.26,1441,48.78,32.9
M14,1/10/2024 12:00,297.09,310.41,2079,22.08,39.8
M14,1/10/2024 13:00,298.17,309.52,1551,35.88,33.9
M14,1/10/2024 14:00,297.49,306.44,2201,29.27,40.5
M14,1/10/2024 15:00,295.16,310.06,2235,50.07,38.1
M14,1/10/2024 16:00,297.93,308.47,1944,46.37,205
M14,1/10/2024 17:00,299.66,311.46,2357,53.59,43.7
M14,1/10/2024 18:00,296.16,310.4,1960,47.18,45.5
M14,1/10/2024 19:00,296.67,305.23,1730,38.98,45.9
M14,1/10/2024 20:00,296.21,306.1,1594,28.65,39.3
M14,1/10/2024 21:00,296.71,305.47,1515,48.34,47.4
M14,1/10/2024 22:00,297.41,311.81,1432,41.64,46.4
M14,1/10/2024 23:00,296.99,310.57,1268,27.91,43.9
M14,1/11/2024 0:00,298.88,308.92,1626,41.83,48.2
M14,1/11/2024 1:00,301.13,307.06,1704,33.79,43
M14,1/11/2024 2:00,295.05,308.76,1910,39.75,49.5
M14,1/11/2024 3:00,296.61,305.88,1751,46.34,43.8
M14,1/11/2024 4:00,295.4,310.46,2004,30.96,52.4
M14,1/11/2024 5:00,295.94,305.4,1492,28.5,49.4
M14,1/11/2024 6:00,298.37,307.16,1961,29.72,254
M14,1/11/2024 7:00,301.07,309.49,2359,27.11,50.4
M14,1/11/2024 8:00,300.58,309.1,1570,33.84,47.4
M14,1/11/2024 9:00,298.37,306.62,2020,24.48,51.7
M14,1/11/2024 10:00,298.31,306.06,2241,42.03,52.2
M14,1/11/2024 11:00,301.28,305.99,1252,51.16,53.2
M14,1/11/2024 12:00,300.37,305.19,2369,40.76,56.3
M14,1/11/2024 13:00,301.32,307.21,1481,29.47,52.4
M14,1/11/2024 14:00,295.44,309.84,1879,32.41,54.4
M14,1/11/2024 15:00,300.04,305.98,2391,42.39,55
M14,1/11/2024 16:00,295.35,310.96,2193,52.11,57.4
M14,1/11/2024 17:00,298.26,311.82,1966,44.23,56
M14,1/11/2024 18:00,301.8,308.51,1683,44.79,56.8
M14,1/11/2024 19:00,297.25,311.52,1424,40.67,62.4
M14,1/11/2024 20:00,297.12,308.8,2208,21.45,60.7
M14,1/11/2024 21:00,299.02,311.73,1680,46.51,62.4
M14,1/11/2024 22:00,298.01,305.67,1317,25.81,62
M14,1/11/2024 23:00,297.03,308.03,1317,50.92,61.4
M14,1/12/2024 0:00,300.49,310.15,2286,26.72,66.2
M14,1/12/2024 1:00,300.42,309.9,2178,64.01,242
M14,1/12/2024 2:00,300.45,307.54,1643,50.18,66.7
M14,1/12/2024 3:00,297.61,310.5,2002,25.91,62.7
M14,1/12/2024 4:00,297.45,310.28,2292,26.42,69.2
M14,1/12/2024 5:00,299.45,306.18,1814,35.65,68.2
M14,1/12/2024 6:00,300.32,311.17,1226,23.17,72.9
M14,1/12/2024 7:00,296.72,306.91,1788,39.94,249
M14,1/12/2024 8:00,305.44,307.76,2739,21.39,69
M14,1/12/2024 9:00,295.47,310.85,1280,20.66,68
M14,1/12/2024 10:00,300.16,305.59,1649,28.6,74.1
M14,1/12/2024 11:00,296.24,306.12,2149,23.28,76.7
M14,1/12/2024 12:00,300.97,309.86,2059,53.78,77.3
M14,1/12/2024 13:00,298.4,305.26,2019,29.83,69.8
M14,1/12/2024 14:00,297.93,310.88,2170,54.15,78.2
M14,1/12/2024 15:00,296.53,308.68,1924,20.36,76
M14,1/12/2024 16:00,296.21,306.9,1384,35.56,75.3
M14,1/12/2024 17:00,296.56,305.78,1605,47.53,72.9
M14,1/12/2024 18:00,300.55,306.81,1390,53.77,75.5
M14,1/12/2024 19:00,300.01,307.72,1765,51.5,76.2
M14,1/12/2024 20:00,296.38,306.25,2162,43.05,77.9
M14,1/12/2024 21:00,301.66,311.26,1264,34.77,81.7
M14,1/12/2024 22:00,299.23,306.26,1292,48.66,84.4
M14,1/12/2024 23:00,298.31,311.01,1404,37.91,80.7
M14,1/13/2024 0:00,300.85,308.46,2356,26.61,80.1
M14,1/13/2024 1:00,301.18,307.01,1648,35.59,80.5
M14,1/13/2024 2:00,300.38,306.18,1750,32.09,86.4
M14,1/13/2024 3:00,298.51,307.72,2780,35.7,229
M14,1/13/2024 4:00,300.89,305.96,2345,39.87,82.9
M14,1/13/2024 5:00,296.39,308.04,1745,22.21,81
M14,1/13/2024 6:00,299.17,306.59,1890,41.9,84.8
M14,1/13/2024 7:00,296.88,305.64,1770,28.21,90.2
M14,1/13/2024 8:00,300.85,305.23,1651,36.69,83.9
M14,1/13/2024 9:00,295.35,308.42,2040,45.8,86.9
M14,1/13/2024 10:00,301.69,308.66,1764,27.43,85.2
M14,1/13/2024 11:00,295.58,310.27,1919,50.75,88
M14,1/13/2024 12:00,298.27,309.76,1994,46.43,90.2
M14,1/13/2024 13:00,301.31,310.48,1953,43.07,95.8
M14,1/13/2024 14:00,297.61,308.62,2369,21.17,88.3
M14,1/13/2024 15:00,301.47,306.17,1425,20.39,93.7
M14,1/13/2024 16:00,299.88,309.55,2351,33.48,92.1
M14,1/13/2024 17:00,297.88,311.18,1268,31.81,90.4
M14,1/13/2024 18:00,298.11,311.4,2242,28.6,91
M14,1/13/2024 19:00,298.08,306.48,2028,36.49,99.4
M14,1/13/2024 20:00,298.84,305.95,1575,34.72,101.2
M14,1/13/2024 21:00,299.02,306.97,1366,41.5,100.8
M14,1/13/2024 22:00,299.53,308.02,1646,37.58,97.1
M14,1/13/2024 23:00,300.79,307.71,1620,40.04,96.6
M14,1/14/2024 0:00,307.3,308.61,2859,46.46,105.2
M14,1/14/2024 1:00,299,305.97,1441,44.31,96.7
M14,1/14/2024 2:00,298.93,310.35,1359,39.08,100.9
M14,1/14/2024 3:00,295.21,307.74,1582,49.36,105.2
M14,1/14/2024 4:00,296.14,311.52,1230,36.61,107.8
M14,1/14/2024 5:00,296.24,310.86,1364,43.55,104.8
M14,1/14/2024 6:00,296.12,305.84,1515,34.65,103.1
M14,1/14/2024 7:00,296.43,310.63,2149,23.17,108
M14,1/14/2024 8:00,298.74,310.76,1830,41.38,103.1
M14,1/14/2024 9:00,296.1,306.44,2296,44.04,108.8
M14,1/14/2024 10:00,295.61,310.4,1869,30.59,112.8
M14,1/14/2024 11:00,295.13,313.91,2358,41.37,226
M14,1/14/2024 12:00,300.74,308.07,1204,32.88,114.4
M14,1/14/2024 13:00,301.71,306.9,2349,51.94,112.6
M14,1/14/2024 14:00,300.5,310.68,1500,47.4,112.9
M14,1/14/2024 15:00,295.53,310.07,1428,34.5,111.7
M14,1/14/2024 16:00,297.7,307.64,1755,43.22,114.3
M14,1/14/2024 17:00,299.52,309.06,1306,23.6,114.7
M14,1/14/2024 18:00,300.41,311.45,1490,51.54,115.5
M14,1/14/2024 19:00,295.01,311.58,1294,24.01,110.3
M14,1/14/2024 20:00,296.09,309.42,1287,35.62,245
M14,1/14/2024 21:00,301.29,311.73,1334,35.9,115.3
M14,1/14/2024 22:00,299.2,307.9,1556,42.79,119.7
M14,1/14/2024 23:00,300.9,307.28,1261,43.12,113
M14,1/15/2024 0:00,298.55,309.06,1894,53.3,115.4
M14,1/15/2024 1:00,299.42,305.62,2058,38.89,118.5
M14,1/15/2024 2:00,295.79,309.2,1988,50.05,116.8
M14,1/15/2024 3:00,297.74,305.11,1267,38.56,124.2
M14,1/15/2024 4:00,295.84,305.4,1558,54.8,120.8
M14,1/15/2024 5:00,301.18,306.96,1647,31.41,123.3
M14,1/15/2024 6:00,296.29,306.77,2268,43.82,126.9
M14,1/15/2024 7:00,295.57,305.08,1804,48.37,128.2
M14,1/15/2024 8:00,296.14,311.14,1640,34.27,119.8
M14,1/15/2024 9:00,301.48,311.7,2139,32.75,120.5
M14,1/15/2024 10:00,296.86,308.16,1320,28.75,124.9
M14,1/15/2024 11:00,295.01,311.43,1801,28.48,125.1
M14,1/15/2024 12:00,301.24,307.16,1920,32.42,129.7
M14,1/15/2024 13:00,298.51,305.55,2291,48.53,131.3
M14,1/15/2024 14:00,296.95,305.11,1697,50.58,132.5
M14,1/15/2024 15:00,301.14,308.57,1500,24.16,133.7
M14,1/15/2024 16:00,301.99,306.74,1956,29.68,132.8
M14,1/15/2024 17:00,301.99,311.73,1672,34.98,130.3
M14,1/15/2024 18:00,299.23,309.37,2283,34.27,133.1
M14,1/15/2024 19:00,299.07,308.97,2192,53.87,136.6
M14,1/15/2024 20:00,296.22,310.24,1725,26.51,134
M14,1/15/2024 21:00,301.73,308.95,1463,20.39,133.7
M14,1/15/2024 22:00,298.18,311.52,2394,34.29,132.2
M14,1/15/2024 23:00,299.27,309.13,1516,40.58,138.4
M14,1/16/2024 0:00,300.14,306.74,1856,46.3,139.1
M14,1/16/2024 1:00,297.8,308.6,2214,35.78,134.4
M14,1/16/2024 2:00,298.04,307.11,1705,28.92,135
M14,1/16/2024 3:00,301.07,306.76,1705,23.35,136.1
M14,1/16/2024 4:00,304.8,310.35,1373,25.42,136.1
M14,1/16/2024 5:00,295.35,311.85,2155,52.55,137.1
M14,1/16/2024 6:00,300.23,305.47,1824,45.94,143
M14,1/16/2024 7:00,301.1,319.36,3031,22.48,140.1
M14,1/16/2024 8:00,295.93,309.14,2306,35.22,141.2
M14,1/16/2024 9:00,297.08,310.2,1477,30.39,138.8
M14,1/16/2024 10:00,299.97,306.06,2262,26.39,142.8
M14,1/16/2024 11:00,298.99,308.39,2073,34.98,149.6
M14,1/16/2024 12:00,301.6,308.91,2020,24.38,150.3
M14,1/16/2024 13:00,300.79,308.82,1269,42.72,150.3
M14,1/16/2024 14:00,295.92,305.03,2170,43.06,144.9
M14,1/16/2024 15:00,298.14,307.86,1405,52.78,147.5
M14,1/16/2024 16:00,298.36,310.3,1794,49.74,144
M14,1/16/2024 17:00,301.58,308.44,1446,44.88,147.9
M14,1/16/2024 18:00,299.6,317.68,1846,62.76,146.4
M14,1/16/2024 19:00,301.93,307.45,1662,34.67,153.8
M14,1/16/2024 20:00,296.26,305.31,1883,49.17,154.4
M14,1/16/2024 21:00,300.06,319.04,2867,36.95,149.9
M14,1/16/2024 22:00,296.93,308.14,2326,41.31,156.3
M14,1/16/2024 23:00,295.18,310.25,2294,34.56,150.6
M14,1/17/2024 0:00,301.91,311.46,1210,44.21,154.7
M14,1/17/2024 1:00,300.44,309.26,2165,42.05,160.6
M14,1/17/2024 2:00,300.97,311.82,1383,36.92,153.9
M14,1/17/2024 3:00,301.05,309.15,1360,29.38,156.2
M14,1/17/2024 4:00,295.26,310.7,2343,47.82,158.2
M14,1/17/2024 5:00,298.81,305.55,1395,31.23,162.2
M14,1/17/2024 6:00,300.03,309.33,1949,28.71,161.3
M14,1/17/2024 7:00,295.33,308.44,2168,20.09,158.2
M14,1/17/2024 8:00,301.25,310.61,1837,31.16,159.2
M14,1/17/2024 9:00,301.89,311.96,1709,41.15,164.8
M14,1/17/2024 10:00,296.25,310.63,1249,43.83,163.5
M14,1/17/2024 11:00,296.12,311.58,1281,28.35,162.1
M14,1/17/2024 12:00,304.18,309.79,1770,41.99,225
M14,1/17/2024 13:00,296.1,309.88,1385,53.98,163.7
M14,1/17/2024 14:00,299.97,306.45,1617,45.28,164.1
M14,1/17/2024 15:00,296.4,311.53,2159,30.5,169.9
M14,1/17/2024 16:00,298.55,305.37,2084,37.06,167.3
M14,1/17/2024 17:00,298.91,311.95,1287,40.88,163.4
M14,1/17/2024 18:00,295.82,309.9,1389,38.93,170.9
M14,1/17/2024 19:00,301.2,306.98,1655,22.76,166.5
M14,1/17/2024 20:00,296.02,307.73,1405,23.37,170.6
M14,1/17/2024 21:00,298.93,307.4,2017,28.43,172.6
M14,1/17/2024 22:00,299.59,305.23,2131,47.96,173.5
M14,1/17/2024 23:00,295.13,306.58,2163,43.73,172.3
M14,1/18/2024 0:00,297.54,314.02,2183,45.42,177.9
M14,1/18/2024 1:00,300.26,307.02,1350,48.8,174.8
M14,1/18/2024 2:00,299.04,307.95,2195,48.14,179.8
M14,1/18/2024 3:00,297.85,306.74,2380,33.16,170.6
M14,1/18/2024 4:00,295.1,310.24,1350,45.9,174.3
M14,1/18/2024 5:00,298.4,308.89,2118,20.21,181.1
M14,1/18/2024 6:00,295.34,311.5,1306,33.77,173.3
M14,1/18/2024 7:00,298.04,305.06,1290,24.52,178.9
M14,1/18/2024 8:00,299.53,308,1216,41.83,207
M14,1/18/2024 9:00,306.24,315.7,1320,48.19,177.5
M14,1/18/2024 10:00,299.82,310.37,2142,46.49,181.6
M14,1/18/2024 11:00,297.57,311,2376,42.72,178.5
M14,1/18/2024 12:00,295.35,310.02,2081,21.5,186
M14,1/18/2024 13:00,301.42,311.63,1804,43.16,180.7
M14,1/18/2024 14:00,299.41,311.66,1289,31.17,186.4
M14,1/18/2024 15:00,296.97,307,1874,27.88,180.6
M14,1/18/2024 16:00,299.41,305.85,2322,40.83,183.9
M14,1/18/2024 17:00,296.48,311.2,1779,46.67,185.2
M14,1/18/2024 18:00,301.07,309.18,1959,25.23,186.9
M14,1/18/2024 19:00,297.2,307.85,1224,28.22,190
M14,1/18/2024 20:00,297.94,305.98,2309,34.81,188
M14,1/18/2024 21:00,301.05,306.08,2063,51.56,188.3
M15,1/4/2024 19:00,300.6,305.44,2232,32.78,0
M15,1/4/2024 20:00,299.77,305.47,1671,43.78,2.1
M15,1/4/2024 21:00,298.48,305.66,2066,21.89,1.8
M15,1/4/2024 22:00,297.61,306.25,1818,22.63,0
M15,1/4/2024 23:00,298.1,306.86,1968,53.9,5.4
M15,1/5/2024 0:00,295.68,310.68,2157,40.42,2
M15,1/5/2024 1:00,299.01,310.15,2274,42.3,4.9
M15,1/5/2024 2:00,300.21,307.1,2028,40.33,4.6
M15,1/5/2024 3:00,295.86,306.65,1860,44.97,6
M15,1/5/2024 4:00,298.92,307.77,1214,33.1,6.5
M15,1/5/2024 5:00,301.79,311.96,2179,49.66,10.6
M15,1/5/2024 6:00,296.86,310.99,1405,39.73,5
M15,1/5/2024 7:00,298.03,306.69,1588,49.76,5.6
M15,1/5/2024 8:00,299.89,306.49,1472,27.36,14.9
M15,1/5/2024 9:00,296.81,306.3,2348,52.25,8.9
M15,1/5/2024 10:00,300.71,311.54,2142,33.16,15
M15,1/5/2024 11:00,296.81,308.08,1684,41.77,14.3
M15,1/5/2024 12:00,298.74,307.37,1488,21.64,10.3
M15,1/5/2024 13:00,299.03,306.76,1200,22.28,14.8
M15,1/5/2024 14:00,300.59,308.61,1800,24.84,19.1
M15,1/5/2024 15:00,295.49,309.14,1505,51.13,10.3
M15,1/5/2024 16:00,297.32,307.25,1372,31.49,13.6
M15,1/5/2024 17:00,301.28,305.4,2106,31.33,17.4
M15,1/5/2024 18:00,295.49,308.86,1652,24.35,12.5
M15,1/5/2024 19:00,300.52,311.89,1637,43.57,15.1
M15,1/5/2024 20:00,301.95,310.07,1508,51.98,18.9
M15,1/5/2024 21:00,296.53,311.57,2048,51.03,19.8
M15,1/5/2024 22:00,301.68,307.81,1811,45.55,15.8
M15,1/5/2024 23:00,295.02,308.91,1307,28.33,24.3
M15,1/6/2024 0:00,297.19,309.37,1823,24.73,19.9
M15,1/6/2024 1:00,295.26,308.31,1809,45.48,19.1
M15,1/6/2024 2:00,295.13,309.54,2089,36.56,26.1
M15,1/6/2024 3:00,298,307.94,1960,39.92,19.3
M15,1/6/2024 4:00,300.81,305.1,1281,28.58,24.1
M15,1/6/2024 5:00,299.64,307.5,2026,50.91,28.8
M15,1/6/2024 6:00,300.1,306.98,2117,29.35,27.6
M15,1/6/2024 7:00,296.46,308.66,1645,54.33,29.3
M15,1/6/2024 8:00,298.39,309.02,2309,44.78,31.5
M15,1/6/2024 9:00,295.54,309.19,2236,34.95,29.8
M15,1/6/2024 10:00,297.2,307.2,1777,40.9,32.6
M15,1/6/2024 11:00,300.76,310.43,2093,30.38,26.7
M15,1/6/2024 12:00,301.83,306.8,1980,23.55,27.2
M15,1/6/2024 13:00,299.1,311.54,2292,48.2,27.7
M15,1/6/2024 14:00,295.73,317.95,2351,52.65,30
M15,1/6/2024 15:00,298.06,309.89,1534,24.81,30.4
M15,1/6/2024 16:00,298.72,311.41,2219,30.51,37.5
M15,1/6/2024 17:00,296.13,314.83,2144,46.13,36.9
M15,1/6/2024 18:00,298.68,308.82,2189,22.02,37.3
M15,1/6/2024 19:00,297.03,307.72,1301,33.45,32.3
M15,1/6/2024 20:00,299.89,306.79,1957,34.03,36.9
M15,1/6/2024 21:00,299.2,311.81,1755,33.7,40.5
M15,1/6/2024 22:00,298,308.11,1751,39.86,41.7
M15,1/6/2024 23:00,299.75,306.69,1207,49.97,43.1
M15,1/7/2024 0:00,296.41,310.63,1303,49.38,35.9
M15,1/7/2024 1:00,297.92,307.69,1471,20.26,40.2
M15,1/7/2024 2:00,297.23,308.15,2237,34.22,39.6
M15,1/7/2024 3:00,301.49,311.63,1860,31.47,45.1
M15,1/7/2024 4:00,297.46,311.94,1552,73.57,42.6
M15,1/7/2024 5:00,297.36,310.51,2049,48.29,47.6
M15,1/7/2024 6:00,295.4,305.5,1983,32.35,43.1
M15,1/7/2024 7:00,301.24,311.03,1732,22.4,45.7
M15,1/7/2024 8:00,301.53,305.03,1613,27.06,45.4
M15,1/7/2024 9:00,297.98,308.59,1677,49.28,50.3
M15,1/7/2024 10:00,300.11,308.17,1702,34.29,43.3
M15,1/7/2024 11:00,300.67,306.87,1634,37.94,47.8
M15,1/7/2024 12:00,300.58,307.33,1299,38.92,51.8
M15,1/7/2024 13:00,301.88,310.44,1769,46.13,47.3
M15,1/7/2024 14:00,295.08,310.39,1335,48.83,50.7
M15,1/7/2024 15:00,300.91,310.75,2379,50.72,48
M15,1/7/2024 16:00,301.93,308.89,1424,27.34,51.3
M15,1/7/2024 17:00,295.09,307.22,1286,36.24,51.7
M15,1/7/2024 18:00,300.26,308.45,2243,54.08,49.1
M15,1/7/2024 19:00,299.48,311.67,2373,28.79,49.9
M15,1/7/2024 20:00,300.8,317.73,2595,24.91,60.3
M15,1/7/2024 21:00,300.61,311.79,1924,51.9,57.2
M15,1/7/2024 22:00,297.32,306.96,1235,36.4,60.4
M15,1/7/2024 23:00,296.59,308.94,2101,43.27,57.5
M15,1/8/2024 0:00,298.22,309.27,1432,42.97,54.2
M15,1/8/2024 1:00,300.16,311.95,2270,45.26,56.3
M15,1/8/2024 2:00,300.28,305.9,1855,47.53,60.2
M15,1/8/2024 3:00,298.6,311.56,1417,39.97,57.4
M15,1/8/2024 4:00,296.54,311.8,2079,21.09,63
M15,1/8/2024 5:00,297.64,309.36,1773,25.8,61.5
M15,1/8/2024 6:00,301.5,306.47,2108,26.74,58.1
M15,1/8/2024 7:00,300.9,306.5,1377,33,68.7
M15,1/8/2024 8:00,301.25,310.35,2159,38.93,61.1
M15,1/8/2024 9:00,301.2,310.76,1896,39.71,64.5
M15,1/8/2024 10:00,300.85,311.53,1512,28.24,65.7
M15,1/8/2024 11:00,299.58,305.83,2229,53.1,62.1
M15,1/8/2024 12:00,296.2,308.3,2373,21.98,69.7
M15,1/8/2024 13:00,301.85,307.21,1758,50.55,70.5
M15,1/8/2024 14:00,298.14,309.7,2330,29.82,68.8
M15,1/8/2024 15:00,297.26,306.82,2111,34.73,68.1
M15,1/8/2024 16:00,298.67,311.92,2315,38.93,72.5
M15,1/8/2024 17:00,300.24,308.24,1335,32.35,67.1
M15,1/8/2024 18:00,295.41,309.07,1956,37.85,73.3
M15,1/8/2024 19:00,297.73,307.83,2326,27.35,70.6
M15,1/8/2024 20:00,297.88,308.68,1518,53.58,75.6
M15,1/8/2024 21:00,296.06,309.16,1422,26.31,78.8
M15,1/8/2024 22:00,299.22,309.42,1883,45.84,75.7
M15,1/8/2024 23:00,295.7,311.5,2305,38.3,74.9
M15,1/9/2024 0:00,300.34,308.58,1474,48.54,72
M15,1/9/2024 1:00,295.05,307.81,1275,50.56,73
M15,1/9/2024 2:00,296.54,310.46,2336,25.04,78.8
M15,1/9/2024 3:00,296.57,311.34,2247,43.2,82.5
M15,1/9/2024 4:00,299.25,308.18,1294,28.49,78
M15,1/9/2024 5:00,297.3,308.58,2047,50.18,83.4
M15,1/9/2024 6:00,301.98,306.34,1925,44.17,76.5
M15,1/9/2024 7:00,296.65,305.71,1549,49.4,83.7
M15,1/9/2024 8:00,295.7,307.3,1287,43.85,85.5
M15,1/9/2024 9:00,301.34,307.5,1391,38.37,84.8
M15,1/9/2024 10:00,300.17,308.62,1773,29.22,82.5
M15,1/9/2024 11:00,298.76,305.73,1356,30.9,83.2
M15,1/9/2024 12:00,295.36,311.44,1409,46.34,90.2
M15,1/9/2024 13:00,300.55,310.96,1606,34.02,91.5
M15,1/9/2024 14:00,299.39,307.75,2293,41.06,89.8
M15,1/9/2024 15:00,298.07,311.11,2114,38.82,91.9
M15,1/9/2024 16:00,299.47,307.12,1746,32.5,89
M15,1/9/2024 17:00,301.83,309.02,1800,20.87,92.3
M15,1/9/2024 18:00,300.41,310.08,2075,53.38,93.6
M15,1/9/2024 19:00,296.53,305.94,1853,36.79,93.8
M15,1/9/2024 20:00,296.46,305.83,2392,53.07,90.6
M15,1/9/2024 21:00,296.12,311.37,1501,43.19,90.1
M15,1/9/2024 22:00,301.73,310.42,1626,44.87,89.8
M15,1/9/2024 23:00,297.32,307.58,1823,42.49,99.2
M15,1/10/2024 0:00,296.23,305.63,1963,22.41,93.5
M15,1/10/2024 1:00,298.76,309.08,1996,20.84,95.4
M15,1/10/2024 2:00,297.04,307.69,2164,44.82,95.4
M15,1/10/2024 3:00,297.42,309.43,1930,39.07,98.8
M15,1/10/2024 4:00,298.41,310.19,1435,34.86,97.5
M15,1/10/2024 5:00,301.64,311.28,1357,37.98,94.7
M15,1/10/2024 6:00,295.5,310.84,1787,51.19,95.5
M15,1/10/2024 7:00,297.1,306.91,2182,33.53,104.2
M15,1/10/2024 8:00,296.79,308.94,2197,48.38,99
M15,1/10/2024 9:00,295.9,310.67,1456,38.76,99.7
M15,1/10/2024 10:00,296.69,306.41,1258,48.42,101.8
M15,1/10/2024 11:00,297.44,311.53,1260,40.13,104.8
M15,1/10/2024 12:00,300.73,305.82,1586,34.55,103.6
M15,1/10/2024 13:00,300.22,311.93,2047,35.24,100.7
M15,1/10/2024 14:00,297.19,307.76,1692,29.73,108.8
M15,1/10/2024 15:00,295.94,310.94,1462,24.68,108.4
M15,1/10/2024 16:00,299.3,308.81,1348,51.49,104.2
M15,1/10/2024 17:00,304.97,306.54,2062,76.26,109.1
M15,1/10/2024 18:00,296.93,307.83,1761,30.28,109.8
M15,1/10/2024 19:00,300.44,307.45,2137,30.64,108.4
M15,1/10/2024 20:00,301.17,305.98,1971,48.47,106.3
M15,1/10/2024 21:00,298.43,305.9,1646,22.33,111.8
M15,1/10/2024 22:00,300.15,309.5,1885,32.46,114.3
M15,1/10/2024 23:00,298.4,308.07,1738,48.42,225
M15,1/11/2024 0:00,295.02,306.25,1885,32.01,115.5
M15,1/11/2024 1:00,300.82,310.47,1755,47.28,118.3
M15,1/11/2024 2:00,298.85,308.37,1569,38.67,115.1
M15,1/11/2024 3:00,297.1,310.29,1678,22.31,119.8
M15,1/11/2024 4:00,300.12,309.87,1965,44.03,114.2
M15,1/11/2024 5:00,296.04,305.65,1733,44.38,117.9
M15,1/11/2024 6:00,298.27,310.77,1637,22.22,225
M15,1/11/2024 7:00,303.77,308.09,2091,34.87,251
M15,1/11/2024 8:00,299.88,308.36,1698,23,116.4
M15,1/11/2024 9:00,295.64,305.45,1668,35.16,120.4
M15,1/11/2024 10:00,295.73,310.6,2195,47.95,116.6
M15,1/11/2024 11:00,295.32,309.7,2274,31.2,119.6
M15,1/11/2024 12:00,298.18,305.37,2322,42.81,117.4
M15,1/11/2024 13:00,300.75,309.6,1700,52.36,125.3
M15,1/11/2024 14:00,296.84,309.95,1601,20.43,119.2
M15,1/11/2024 15:00,295.38,311.71,2084,50.6,129.4
M15,1/11/2024 16:00,297.35,309.87,1868,52.04,121.8
M15,1/11/2024 17:00,304.94,307.02,2695,20.96,125.2
M15,1/11/2024 18:00,295.13,311.88,2022,34.85,124.4
M15,1/11/2024 19:00,298.64,305.9,1479,29.73,123
M15,1/11/2024 20:00,301.08,309.11,1577,43.27,123.9
M15,1/11/2024 21:00,299.59,305.67,1294,49.76,125.3
M15,1/11/2024 22:00,298.74,306.46,2379,23.54,127.2
M15,1/11/2024 23:00,296.27,307.65,1439,47.88,127.3
M15,1/12/2024 0:00,296.78,310.83,2043,43.77,129.8
M15,1/12/2024 1:00,296.3,307.8,1810,71.31,222
M15,1/12/2024 2:00,296.22,305.38,2394,53.28,130.5
M15,1/12/2024 3:00,299.46,308.31,1696,29.69,134.5
M15,1/12/2024 4:00,297.52,309.35,1675,32.47,137.9
M15,1/12/2024 5:00,299.82,311.98,2027,32.98,133.6
M15,1/12/2024 6:00,296.87,310.35,1998,53.62,134.7
M15,1/12/2024 7:00,299.48,305.42,2053,34.58,132.9
M15,1/12/2024 8:00,301.95,306.53,2028,49.71,139.5
M15,1/12/2024 9:00,301.15,310.44,1754,52.33,137.3
M15,1/12/2024 10:00,299.67,307.37,2349,40.32,141
M15,1/12/2024 11:00,295.89,309.44,2380,39.3,138.2
M15,1/12/2024 12:00,297.03,311.14,1995,37.28,141.5
M15,1/12/2024 13:00,297.37,305.57,2137,50.22,143.3
M15,1/12/2024 14:00,296.38,309.38,1659,31.34,139.2
M15,1/12/2024 15:00,297.88,307.3,2078,28.62,143.7
M15,1/12/2024 16:00,295.71,310.12,1501,30.36,143.3
M15,1/12/2024 17:00,299.31,310.26,2318,47.56,140.2
M15,1/12/2024 18:00,301.02,309.72,2224,22.92,144.1
M15,1/12/2024 19:00,299.59,309.86,1381,21.02,141.2
M15,1/12/2024 20:00,298.32,307.66,2165,44.19,149.4
M15,1/12/2024 21:00,301.6,306.92,2067,48.51,152
M15,1/12/2024 22:00,295.13,311.27,1991,45.62,148.9
M15,1/12/2024 23:00,301.85,311.85,2015,47.43,149.9
M15,1/13/2024 0:00,300.41,307.78,1862,42.49,153.1
M15,1/13/2024 1:00,301.94,309.43,1995,49.49,148.4
M15,1/13/2024 2:00,296.44,310.71,1422,36.1,153.7
M15,1/13/2024 3:00,300.65,309.41,1815,20.4,151
M15,1/13/2024 4:00,298.54,309.65,1424,26.35,151.9
M15,1/13/2024 5:00,300.03,308.97,1381,41.71,153
M15,1/13/2024 6:00,297.88,311.22,1659,27.65,151.5
M15,1/13/2024 7:00,295.73,318.25,2584,32.25,157.8
M15,1/13/2024 8:00,300.33,305.57,1663,28.11,160.5
M15,1/13/2024 9:00,301.42,307.93,2187,42.99,153.6
M15,1/13/2024 10:00,298.73,305.7,1293,48.89,157.8
M15,1/13/2024 11:00,295.62,305.43,1345,50.27,158
M15,1/13/2024 12:00,295.52,306.76,2314,23.19,157.8
M15,1/13/2024 13:00,299.05,309.97,1370,47.01,155.1
M15,1/13/2024 14:00,301.29,306.13,1279,25.27,161
M15,1/13/2024 15:00,300.97,311.48,2027,52.06,166.1
M15,1/13/2024 16:00,295.51,309.35,1281,28.63,158.3
M15,1/13/2024 17:00,300.39,306.8,1874,30.58,160.3
M15,1/13/2024 18:00,295.42,307.23,1352,34.89,165.4
M15,1/13/2024 19:00,307.35,308.4,1404,82.21,164.6
M15,1/13/2024 20:00,300.54,305.81,1476,47.39,160.9
M15,1/13/2024 21:00,301.48,310.72,1477,30.62,165.3
M15,1/13/2024 22:00,296.13,311.53,2337,48.11,162.3
M15,1/13/2024 23:00,295.93,308.74,1812,31.1,171.3
M15,1/14/2024 0:00,295.53,311.51,1636,53.94,167.7
M15,1/14/2024 1:00,298.44,307.06,2077,26.56,164.4
M15,1/14/2024 2:00,301.75,305.26,2222,30.56,174.2
M15,1/14/2024 3:00,297.65,310.48,1786,25.93,171.7
M15,1/14/2024 4:00,296.99,305.34,1686,22.88,169.4
M15,1/14/2024 5:00,297.88,309.64,1579,33.6,170.8
M15,1/14/2024 6:00,297.41,306.17,1861,26.14,174.1
M15,1/14/2024 7:00,301.25,305.01,1944,29.9,175.5
M15,1/14/2024 8:00,299.95,309.09,1765,38.22,178.2
M15,1/14/2024 9:00,297.73,306.98,2367,54.37,175.8
M15,1/14/2024 10:00,295.21,305.74,1897,35.14,174
M15,1/14/2024 11:00,297.81,307.56,2233,30.37,172.8
M15,1/14/2024 12:00,298.14,310.07,2133,25.46,176.1
M15,1/14/2024 13:00,304.82,307.57,1730,33.4,172.9
M15,1/14/2024 14:00,301.99,311.45,1427,49.36,173.7
M15,1/14/2024 15:00,298.56,311.69,2062,50.14,177
M15,1/14/2024 16:00,298.58,310.45,1410,50.69,175.2
M15,1/14/2024 17:00,300.69,307.86,1320,43.53,185.8
M15,1/14/2024 18:00,295.7,305.95,1488,20.27,180.7
M15,1/14/2024 19:00,300.04,305.85,1530,24.9,178.8
M15,1/14/2024 20:00,296.22,306.09,1226,38.76,182.9
M15,1/14/2024 21:00,304.53,307.51,1808,82.36,181.6
M15,1/14/2024 22:00,295.71,305.81,1704,32.15,180
M15,1/14/2024 23:00,300.42,306.36,2107,52.47,182.1
M15,1/15/2024 0:00,299.14,311.46,1215,47.7,185.6
M15,1/15/2024 1:00,299.9,309.65,2202,39.48,182.4
M15,1/15/2024 2:00,298.67,305.2,2306,20.6,183.4
M15,1/15/2024 3:00,295.72,307.01,1874,28.49,184.3
M15,1/15/2024 4:00,300.31,310.51,2245,46.63,185.2
M16,1/4/2024 2:00,298.29,307.87,2130,30.07,3.8
M16,1/4/2024 3:00,295.25,305.6,2244,43.59,5
M16,1/4/2024 4:00,297.7,310.29,2219,54.35,2.1
M16,1/4/2024 5:00,295.17,311.97,2151,39.54,5
M16,1/4/2024 6:00,295.68,310.77,2110,28.77,7.2
M16,1/4/2024 7:00,300.04,309.17,1228,31.16,2.1
M16,1/4/2024 8:00,297.41,308.45,1962,40.73,2.6
M16,1/4/2024 9:00,298.81,306.95,2379,51.32,0.3
M16,1/4/2024 10:00,301.75,308.97,1300,44.13,4.7
M16,1/4/2024 11:00,299.25,308.8,1230,33.2,9.1
M16,1/4/2024 12:00,297.94,306.68,2126,46.47,6.3
M16,1/4/2024 13:00,295.58,307.23,2109,34.5,12.6
M16,1/4/2024 14:00,298.92,307.09,2330,22.05,7.7
M16,1/4/2024 15:00,298.58,306.36,2016,41.56,6.5
M16,1/4/2024 16:00,297.78,306.89,2141,47.09,10.6
M16,1/4/2024 17:00,297.26,311.14,1218,38.6,13.2
M16,1/4/2024 18:00,295.99,306.75,1635,78.03,7.2
M16,1/4/2024 19:00,297.15,310.04,1900,28.63,16.7
M16,1/4/2024 20:00,297.29,307.37,2139,29.86,18.2
M16,1/4/2024 21:00,297.69,310.84,2353,48.31,9.6
M16,1/4/2024 22:00,297.58,305.43,1636,27.76,11.6
M16,1/4/2024 23:00,299.73,307.04,1571,52.58,19.4
M16,1/5/2024 0:00,298.76,310.67,2275,33.54,232
M16,1/5/2024 1:00,297.75,311.33,1385,35.49,13.5
M16,1/5/2024 2:00,296.1,305.97,1468,20.93,14.1
M16,1/5/2024 3:00,301.49,306.24,1444,32.57,16.4
M16,1/5/2024 4:00,297.84,309.23,2172,50.05,23.1
M16,1/5/2024 5:00,301.9,310.74,1267,53.99,16.7
M16,1/5/2024 6:00,305.38,305.32,2288,47.31,24.5
M16,1/5/2024 7:00,299.7,305.34,2380,28.38,19.5
M16,1/5/2024 8:00,296.58,309.23,1373,41.13,17.8
M16,1/5/2024 9:00,296.29,309.07,1899,35.06,22.3
M16,1/5/2024 10:00,297.38,310.01,1775,44.5,20
M16,1/5/2024 11:00,297.48,309.2,1205,45.45,25.9
M16,1/5/2024 12:00,301.29,306.59,1785,47.79,24.3
M16,1/5/2024 13:00,296.52,310.2,1369,53.68,28.1
M16,1/5/2024 14:00,301.41,308.74,1354,29.97,26.1
M16,1/5/2024 15:00,297.02,306.72,1226,47.38,24.3
M16,1/5/2024 16:00,300.3,306.37,1413,52.2,30.6
M16,1/5/2024 17:00,298,307.95,2076,31.9,28.1
M16,1/5/2024 18:00,299.54,310.32,1337,24.38,33.2
M16,1/5/2024 19:00,295.61,309.9,1857,36.69,26.7
M16,1/5/2024 20:00,300.58,309.37,1519,24.62,27.6
M16,1/5/2024 21:00,298.35,308.83,2104,20.84,34
M16,1/5/2024 22:00,297.99,307.35,1477,25.29,35.3
M16,1/5/2024 23:00,297.49,306.09,1482,33.25,35.6
M16,1/6/2024 0:00,299.53,307.57,1651,51.91,30.8
M16,1/6/2024 1:00,296.07,307.18,1244,21.4,40.1
M16,1/6/2024 2:00,300.81,310.41,1703,39.94,36.9
M16,1/6/2024 3:00,296.04,306.7,1349,27.25,34.8
M16,1/6/2024 4:00,299.61,308.52,1978,33.3,35.1
M16,1/6/2024 5:00,300.28,308.75,1728,23.61,40.4
M16,1/6/2024 6:00,299.78,307.89,2367,22.51,44.4
M16,1/6/2024 7:00,301.44,305.98,1393,23.44,38
M16,1/6/2024 8:00,300.7,310.63,1535,44.51,40
M16,1/6/2024 9:00,298.12,310.55,1651,50.5,40.5
M16,1/6/2024 10:00,298.41,311.95,1847,53.01,39.8
M16,1/6/2024 11:00,296.74,311.65,1948,43.54,41.5
M16,1/6/2024 12:00,299.3,311.84,1732,38.51,44.2
M16,1/6/2024 13:00,296.12,306.95,2383,30.08,43.5
M16,1/6/2024 14:00,297.15,309.38,1844,20.2,44.7
M16,1/6/2024 15:00,298.97,307.29,2293,52.51,49.9
M16,1/6/2024 16:00,299.71,311.06,1458,46.27,50.9
M16,1/6/2024 17:00,296.26,311.61,1854,44.58,49
M16,1/6/2024 18:00,296.51,309.79,1751,50.33,44.4
M16,1/6/2024 19:00,297.11,311.08,1960,51.54,46.3
M16,1/6/2024 20:00,297.05,308.45,2326,54.44,52.1
M16,1/6/2024 21:00,299.68,309.89,1787,51.87,55.6
M16,1/6/2024 22:00,298.25,311.14,1965,24.07,51.9
M16,1/6/2024 23:00,295.36,305.17,1671,42.74,52.7
M16,1/7/2024 0:00,298.17,309.76,1494,47.1,50.1
M16,1/7/2024 1:00,301.17,309.85,2362,79.38,233
M16,1/7/2024 2:00,295.08,306.38,1649,43.48,58.2
M16,1/7/2024 3:00,300.66,307.98,1208,23.95,60.4
M16,1/7/2024 4:00,300.78,305.19,1300,51.2,58.4
M16,1/7/2024 5:00,298.52,306.88,1994,48.6,59.7
M16,1/7/2024 6:00,296.42,311.95,1635,34.8,57.3
M16,1/7/2024 7:00,295.16,310.53,1540,52.85,60.4
M16,1/7/2024 8:00,298.49,310.18,1375,44.41,58.1
M16,1/7/2024 9:00,299.48,306.77,1785,51.17,63.8
M16,1/7/2024 10:00,295.17,315.2,2058,29.8,63
M16,1/7/2024 11:00,297.59,311.07,2354,52.57,60.3
M16,1/7/2024 12:00,301.78,311.12,1358,23.79,60.6
M16,1/7/2024 13:00,298.33,310.51,2286,45.04,67
M16,1/7/2024 14:00,298.79,305.34,2272,45.68,64.6
M16,1/7/2024 15:00,300.15,307,1339,22.14,60.2
M16,1/7/2024 16:00,297.44,307.69,2242,31.9,67.2
M16,1/7/2024 17:00,296.34,309.44,1411,29.61,67.6
M16,1/7/2024 18:00,298.21,307.47,2940,26.9,223
M16,1/7/2024 19:00,298.13,308.41,2123,39.21,63
M16,1/7/2024 20:00,299.26,306.08,2147,47.66,70
M16,1/7/2024 21:00,299.24,309.86,1618,36.93,65.2
M16,1/7/2024 22:00,297.56,311.49,2068,54.33,70.1
M16,1/7/2024 23:00,295.6,309,1989,35.35,71.5
M16,1/8/2024 0:00,296.41,306.39,2047,22.3,75.1
M16,1/8/2024 1:00,301.05,307.33,2298,27.26,69.1
M16,1/8/2024 2:00,298.77,309.12,2064,31.45,75
M16,1/8/2024 3:00,296.73,311.66,1706,40.25,74.7
M16,1/8/2024 4:00,296.14,306.11,2019,43.08,70.4
M16,1/8/2024 5:00,299.9,307.35,1288,22.33,73.5
M16,1/8/2024 6:00,301.5,307.99,2193,41.17,73.1
M16,1/8/2024 7:00,300.43,305.05,2255,31.93,73.3
M16,1/8/2024 8:00,296.25,310.28,2080,40.74,80.6
M16,1/8/2024 9:00,297.22,309.47,1325,25.76,74.5
M16,1/8/2024 10:00,301.6,307.99,1688,20.15,79.5
M16,1/8/2024 11:00,301.59,305.05,2355,52.34,76.1
M16,1/8/2024 12:00,295.06,308.2,1658,39.44,82.7
M16,1/8/2024 13:00,298.39,308.33,2133,52.19,85.8
M16,1/8/2024 14:00,301.15,308.51,1487,31.17,84
M16,1/8/2024 15:00,298.53,307.73,1202,47.31,78.5
M16,1/8/2024 16:00,295.58,305.51,1489,45.07,81.4
M16,1/8/2024 17:00,299.73,308.42,1306,32.21,85.9
M16,1/8/2024 18:00,299.84,308.13,2161,23.29,86.3
M16,1/8/2024 19:00,299.98,307.99,1446,43.72,86.7
M16,1/8/2024 20:00,297.63,309.97,2089,32.25,85.6
M16,1/8/2024 21:00,297.85,305.28,1973,38.34,84.7
M16,1/8/2024 22:00,296.86,305.12,1950,25.33,92.5
M16,1/8/2024 23:00,301.61,311.9,1977,43.88,87.6
M16,1/9/2024 0:00,299.37,311.7,1573,24.45,85.6
M16,1/9/2024 1:00,296.81,311.89,1227,36.05,89.1
M16,1/9/2024 2:00,299.7,307.95,1433,31.71,94.1
M16,1/9/2024 3:00,295.58,311.61,1276,46.08,87.9
M16,1/9/2024 4:00,299.96,311.37,2058,20.31,92.8
M16,1/9/2024 5:00,297.44,309,1627,43.43,96.9
M16,1/9/2024 6:00,299.19,311.04,1616,27.72,92.1
M16,1/9/2024 7:00,296.45,308.44,1382,41,91.1
M16,1/9/2024 8:00,298.3,305.64,1716,33.45,100.5
M16,1/9/2024 9:00,301.47,311.89,1993,49.86,98.3
M16,1/9/2024 10:00,296.09,311.14,1387,52.98,101.8
M16,1/9/2024 11:00,300.72,307.85,1947,25.12,98.2
M16,1/9/2024 12:00,298.77,306.85,1540,54.6,98.8
M16,1/9/2024 13:00,304.94,310.68,1489,75.14,98.5
M16,1/9/2024 14:00,298.92,307.37,1626,48.84,100.3
M16,1/9/2024 15:00,301.68,306.42,1316,50.77,103
M16,1/9/2024 16:00,296.64,311.29,1644,33.35,104
M16,1/9/2024 17:00,305.99,305.09,1319,21.99,98
M16,1/9/2024 18:00,298.65,310.09,2835,49.88,103.7
M16,1/9/2024 19:00,295.45,308.81,1568,41.87,99.6
M16,1/9/2024 20:00,295.35,306.84,1651,42.17,104.1
M16,1/9/2024 21:00,300.39,307.76,2293,52.07,100.9
M16,1/9/2024 22:00,295.58,311.9,2078,38.2,104.9
M16,1/9/2024 23:00,300.33,307.12,2139,51.29,112
M16,1/10/2024 0:00,300.93,311.1,1651,22.58,111.2
M16,1/10/2024 1:00,295.25,307.44,2323,53.14,110.4
M16,1/10/2024 2:00,295.06,309.29,2218,52.55,110.5
M16,1/10/2024 3:00,297.03,305.98,2342,40.46,106.4
M16,1/10/2024 4:00,299.67,309.24,2171,54.95,113.3
M16,1/10/2024 5:00,295.2,310.1,2030,48.43,111
M16,1/10/2024 6:00,295.69,308.47,2015,50.44,108.7
M16,1/10/2024 7:00,300.67,306.52,1683,35.14,113.5
M16,1/10/2024 8:00,297.5,305.61,2012,50.77,116.8
M16,1/10/2024 9:00,301.47,306.2,1525,26.44,114.1
M16,1/10/2024 10:00,300.82,308.6,2367,44.47,112.5
M16,1/10/2024 11:00,295.6,307.77,1865,25.92,116.8
M16,1/10/2024 12:00,299.73,310,1201,36.23,117.8
M16,1/10/2024 13:00,297.23,308.75,1477,31.32,119
M16,1/10/2024 14:00,296.07,307.26,2215,33.31,113.8
M16,1/10/2024 15:00,301.38,307.59,2289,20.86,114.6
M16,1/10/2024 16:00,299.97,311.55,1455,47.06,116.2
M16,1/10/2024 17:00,297.71,308.38,2393,26.6,116.5
M16,1/10/2024 18:00,299.13,311.64,1921,50.36,120.1
M16,1/10/2024 19:00,298.73,305.56,1433,49.45,120.4
M16,1/10/2024 20:00,295.39,309.56,1289,20.15,124.2
M16,1/10/2024 21:00,299.16,309.47,2270,53.18,124.5
M16,1/10/2024 22:00,297.45,308.24,1301,41.93,126.1
M16,1/10/2024 23:00,299.13,305.13,1408,45.59,121.9
M16,1/11/2024 0:00,295.45,308.55,1273,37.27,122.9
M16,1/11/2024 1:00,295.16,309.63,1905,25.22,123.7
M16,1/11/2024 2:00,296.32,309.23,1443,42.19,122.8
M16,1/11/2024 3:00,295.29,310.48,2220,42.36,123.6
M16,1/11/2024 4:00,296.83,306.21,1988,42.79,128.4
M16,1/11/2024 5:00,300.63,308.16,1689,36.44,132.9
M16,1/11/2024 6:00,301.96,309.88,1868,37.32,133.5
M16,1/11/2024 7:00,299.49,306.94,2000,53.11,136.1
M16,1/11/2024 8:00,297.86,310.44,2215,28.95,134.4
M16,1/11/2024 9:00,298.45,306.46,1822,28.86,131.7
M16,1/11/2024 10:00,300.07,306.96,2078,51.37,138.5
M16,1/11/2024 11:00,297.93,311.49,2252,26.95,137
M16,1/11/2024 12:00,296.39,307.08,1668,43.15,139.5
M16,1/11/2024 13:00,301.61,309.41,2052,49.12,133.2
M16,1/11/2024 14:00,300.81,308.62,1692,25.4,140.4
M16,1/11/2024 15:00,298.31,308.67,1209,52.35,141.6
M16,1/11/2024 16:00,296.11,311.19,2036,47,139.4
M16,1/11/2024 17:00,300.8,306.76,1699,50.49,141.4
M16,1/11/2024 18:00,299.83,311.07,1264,32.46,142.5
M16,1/11/2024 19:00,297.23,305.42,1265,40.86,140.9
M16,1/11/2024 20:00,296.16,310.76,1304,36.03,139.2
M16,1/11/2024 21:00,300.31,310.31,2361,21.6,141.8
M16,1/11/2024 22:00,300.17,311.35,1844,29.44,145.8
M16,1/11/2024 23:00,299.4,309.8,1694,39.68,138.9
M16,1/12/2024 0:00,297.35,311.95,1425,32.4,146.2
M16,1/12/2024 1:00,299.45,307.1,1903,20.81,142
M16,1/12/2024 2:00,297.18,307.4,1332,24.87,145.6
M16,1/12/2024 3:00,299.79,309.71,1676,48.85,149.2
M16,1/12/2024 4:00,300.83,307.31,1361,47.91,149.7
M16,1/12/2024 5:00,296,309.6,2379,21.02,153.1
M16,1/12/2024 6:00,297.51,311.19,1741,25.21,148.3
M16,1/12/2024 7:00,301.34,310.64,1904,23.89,145.2
M16,1/12/2024 8:00,296.56,306.35,1916,32.2,148.9
M16,1/12/2024 9:00,299.42,308.02,1283,47.94,154.5
M16,1/12/2024 10:00,299.09,307.27,1360,36.68,156
M16,1/12/2024 11:00,300.8,307.19,1650,44.1,154.7
M16,1/12/2024 12:00,297.93,308.32,2313,49.58,152.7
M16,1/12/2024 13:00,298.1,307.7,1487,49.6,156
M16,1/12/2024 14:00,297.62,307.96,1541,46.64,152.6
M16,1/12/2024 15:00,300.27,305.2,1727,38.4,155.9
M16,1/12/2024 16:00,298.09,306.12,1321,34.84,153.9
M16,1/12/2024 17:00,298.02,305.14,1681,52.3,158.3
M16,1/12/2024 18:00,298.05,308.46,1321,30.88,153.4
M16,1/12/2024 19:00,299.31,309.13,1492,52.12,155.1
M16,1/12/2024 20:00,300.07,308.08,1404,53.17,164.1
M16,1/12/2024 21:00,306.43,310.79,2608,52.19,160.7
M16,1/12/2024 22:00,296.02,309.25,1696,34.03,159.8
M16,1/12/2024 23:00,296.01,306.23,1686,23.75,159.4
M16,1/13/2024 0:00,300.37,308.09,2155,26.47,163.7
M16,1/13/2024 1:00,297.32,309.13,1784,42,160.3
M16,1/13/2024 2:00,300.96,306.42,1812,28.71,168
M16,1/13/2024 3:00,301.41,305.59,1278,44,168.5
M16,1/13/2024 4:00,299.1,308.39,1419,31.22,164.8
M16,1/13/2024 5:00,295.8,309.71,2157,41.17,165.3
M16,1/13/2024 6:00,297.38,305.45,2125,27.48,163.8
M16,1/13/2024 7:00,297.99,309.8,1370,46.03,170.3
M16,1/13/2024 8:00,300.74,306.09,1400,40.78,166.2
M16,1/13/2024 9:00,295.53,307.26,1646,43.78,168.8
M16,1/13/2024 10:00,305.18,307.51,2751,37.98,169.8
M16,1/13/2024 11:00,295.4,317.14,1304,20.36,240
M16,1/13/2024 12:00,299.29,311.21,1834,42.33,175.6
M16,1/13/2024 13:00,297.21,307.8,2012,21.65,254
M16,1/13/2024 14:00,300.03,306.44,2035,43.97,172.9
M16,1/13/2024 15:00,299.38,308.76,1499,28.4,173.3
M16,1/13/2024 16:00,295.31,311.22,2325,43.28,174.3
M16,1/13/2024 17:00,301.1,307.2,1699,28.56,174.3
M16,1/13/2024 18:00,297.17,306.04,1401,28.23,177.9
M16,1/13/2024 19:00,300.57,306.22,2326,45.91,178.9
M16,1/13/2024 20:00,300.27,307.71,1448,45.33,179.2
M16,1/13/2024 21:00,300.89,306.66,2357,43.69,180.4
M16,1/13/2024 22:00,299.91,311.93,1979,41.01,179
M16,1/13/2024 23:00,304.66,309.54,2077,36.87,175.6
M16,1/14/2024 0:00,300.02,310.46,2170,51.97,180.4
M16,1/14/2024 1:00,296.88,307.56,1256,47.81,183.4
M16,1/14/2024 2:00,297.24,306.26,2139,20.22,181.1
M16,1/14/2024 3:00,301.18,309.09,1364,41.78,186.1
M16,1/14/2024 4:00,296.82,307.54,2167,24.96,182.9
M16,1/14/2024 5:00,300.76,309.2,2128,34.97,180.5
M16,1/14/2024 6:00,300.14,310.68,2226,37.52,187.9
M16,1/14/2024 7:00,296.68,307.48,1418,24.71,185.2
M16,1/14/2024 8:00,301.47,308.08,1648,52.9,185.7
M16,1/14/2024 9:00,298.21,306.37,2274,36.72,185.6
M16,1/14/2024 10:00,296.16,305.98,1791,43.35,190
M16,1/14/2024 11:00,300.51,311.2,1560,37.3,186.3
M17,1/4/2024 4:00,301.66,305.77,2136,34.56,0
M17,1/4/2024 5:00,299.38,305.72,1580,30.34,0
M17,1/4/2024 6:00,301.93,310.16,1624,51.05,0.7
M17,1/4/2024 7:00,300.89,307.72,1972,38.85,2.9
M17,1/4/2024 8:00,301.32,311.49,1643,33.21,3.6
M17,1/4/2024 9:00,295.02,306.95,1650,37.02,4.8
M17,1/4/2024 10:00,297.81,306.59,1361,46.79,5.3
M17,1/4/2024 11:00,301.66,310.46,1432,43.15,2
M17,1/4/2024 12:00,297.68,309.19,1773,22.25,211
M17,1/4/2024 13:00,295.57,308.16,1462,37.97,4.6
M17,1/4/2024 14:00,296.35,305.61,1433,35.62,8.4
M17,1/4/2024 15:00,297.8,305.37,2183,31.71,7.8
M17,1/4/2024 16:00,300.53,310.09,1716,49.14,8.9
M17,1/4/2024 17:00,299.3,309.37,1316,31.05,14.2
M17,1/4/2024 18:00,298.43,305.77,2318,49.88,13.5
M17,1/4/2024 19:00,297.49,310.16,2332,41.69,13
M17,1/4/2024 20:00,301.24,305.07,1357,37.24,13.5
M17,1/4/2024 21:00,301.7,309.95,2032,50.15,8.9
M17,1/4/2024 22:00,300.8,306.18,2144,54.34,12.3
M17,1/4/2024 23:00,300.73,310.21,2048,23.62,15.4
M17,1/5/2024 0:00,296.53,311.4,2238,22.49,15.9
M17,1/5/2024 1:00,298.68,309.83,2389,51.05,11.5
M17,1/5/2024 2:00,301.63,309.88,1433,84.79,18.2
M17,1/5/2024 3:00,297.44,310.57,1551,24.02,14.7
M17,1/5/2024 4:00,296.36,311.45,1695,22.69,19.4
M17,1/5/2024 5:00,296.87,318.37,2930,30.87,20
M17,1/5/2024 6:00,298.61,307.33,1660,31.96,19
M17,1/5/2024 7:00,301.07,309.76,2400,39.19,23.8
M17,1/5/2024 8:00,300.95,311.99,1646,41.13,17.8
M17,1/5/2024 9:00,300.44,311.24,1416,35.33,19.8
M17,1/5/2024 10:00,299.9,306.29,2342,50.82,18.5
M17,1/5/2024 11:00,301.87,311.64,1720,49.12,27.2
M17,1/5/2024 12:00,301.33,315.83,2650,44.73,23.4
M17,1/5/2024 13:00,300.77,310.06,2336,28.81,22.4
M17,1/5/2024 14:00,296.52,305.37,1696,20.3,28.6
M17,1/5/2024 15:00,297.8,309.63,1891,47.13,27.8
M17,1/5/2024 16:00,298,309.63,1942,50.87,28.2
M17,1/5/2024 17:00,299.41,311.4,1265,39.68,30.6
M17,1/5/2024 18:00,296.23,305.75,2190,42.26,32.8
M17,1/5/2024 19:00,301.62,311.48,2057,34.02,25.3
M17,1/5/2024 20:00,296.51,309.35,1593,52.7,29.9
M17,1/5/2024 21:00,295.95,308.35,1663,44.73,35.9
M17,1/5/2024 22:00,296.26,305.93,1551,42.62,34.3
M17,1/5/2024 23:00,295.66,309.32,1670,48.38,28.3
M17,1/6/2024 0:00,296.72,310.13,2088,30.94,37.5
M17,1/6/2024 1:00,298.81,309.54,1834,30.16,30.9
M17,1/6/2024 2:00,298.87,310.97,1518,43.43,36.6
M17,1/6/2024 3:00,296.96,310.66,1953,20.26,36.7
M17,1/6/2024 4:00,297.46,311.26,1386,24.13,38.8
M17,1/6/2024 5:00,295.46,307.35,1761,20.28,40.3
M17,1/6/2024 6:00,297.16,307.46,2304,41.7,33.6
M17,1/6/2024 7:00,295.27,307.18,1474,30.5,37
M17,1/6/2024 8:00,299.43,305.39,1566,33.49,35.3
M17,1/6/2024 9:00,300.46,305.19,1608,31.14,38.5
M17,1/6/2024 10:00,300.25,309.16,1559,21.23,45.6
M17,1/6/2024 11:00,297.68,307.67,2394,43.24,46.8
M17,1/6/2024 12:00,300.43,308.99,1678,28.11,41.4
M17,1/6/2024 13:00,295.65,305.46,2309,47.39,40.2
M17,1/6/2024 14:00,300.85,310.55,1825,24.44,45.6
M17,1/6/2024 15:00,297.06,307.65,1563,37.93,41.7
M17,1/6/2024 16:00,296.41,307.1,2259,38.86,42.9
M17,1/6/2024 17:00,296.46,307.6,2278,33.34,50.4
M17,1/6/2024 18:00,295.26,308.04,1941,48.42,43.9
M17,1/6/2024 19:00,298.93,307.69,1473,39.41,46.3
M17,1/6/2024 20:00,296.43,310.75,1244,40.22,47.1
M17,1/6/2024 21:00,300.97,309.44,2271,48.24,54.3
M17,1/6/2024 22:00,301.15,311.45,1216,28.71,49.4
M17,1/6/2024 23:00,301.12,307.95,1869,27.33,51.9
M17,1/7/2024 0:00,298.29,307.3,1729,36.03,54.7
M17,1/7/2024 1:00,295.03,310.33,1896,29.59,52.9
M17,1/7/2024 2:00,296.49,306.92,1783,45.89,54.3
M17,1/7/2024 3:00,297.64,311.74,2080,35.75,54.3
M17,1/7/2024 4:00,298.2,307.86,1418,36.02,58.3
M17,1/7/2024 5:00,301.11,311.07,2087,40.45,51.3
M17,1/7/2024 6:00,298.08,305.57,1253,53.72,53.4
M17,1/7/2024 7:00,300.57,311.66,2117,23.59,55.9
M17,1/7/2024 8:00,297.93,310.1,1200,42.84,53.5
M17,1/7/2024 9:00,297.96,305.14,1396,33.45,60.1
M17,1/7/2024 10:00,301.21,309.78,1618,29.94,56.4
M17,1/7/2024 11:00,299.27,309.48,2090,40.14,58.3
M17,1/7/2024 12:00,301.95,306.95,1234,42.6,63.6
M17,1/7/2024 13:00,299.95,310.54,1669,36.96,59.7
M17,1/7/2024 14:00,299.98,311.31,1564,47.84,61.7
M17,1/7/2024 15:00,299.92,309.11,1878,48.05,59.3
M17,1/7/2024 16:00,300.91,307.31,1692,38.86,67.6
M17,1/7/2024 17:00,297.99,306.21,1970,50.61,62.6
M17,1/7/2024 18:00,295.5,307.88,1710,38.11,63.2
M17,1/7/2024 19:00,300.24,311.02,1306,43.49,63.1
M17,1/7/2024 20:00,296.55,310.04,1373,20.76,62.7
M17,1/7/2024 21:00,298.07,309.05,1882,22.94,70.7
M17,1/7/2024 22:00,295.01,307.06,2231,50.09,64.9
M17,1/7/2024 23:00,299.96,308.22,2273,33.16,68.9
M17,1/8/2024 0:00,297.71,307.9,1305,53.09,72.4
M17,1/8/2024 1:00,297.13,306.97,1728,34.1,73.5
M17,1/8/2024 2:00,300.17,306.71,1414,38.8,73.2
M17,1/8/2024 3:00,296.56,308.08,2063,23.11,74.3
M17,1/8/2024 4:00,295.33,311.18,1454,51.01,71
M17,1/8/2024 5:00,298.23,311.2,1554,43.63,77.6
M17,1/8/2024 6:00,301.6,308.11,1841,44.38,74.6
M17,1/8/2024 7:00,298.88,311.21,2200,48.48,72.9
M17,1/8/2024 8:00,300.41,307.62,1758,43.94,77.5
M17,1/8/2024 9:00,300.88,309.99,1483,40.56,80.2
M17,1/8/2024 10:00,298.22,306.78,1256,53.68,80.4
M17,1/8/2024 11:00,298.26,308.9,1776,69.51,224
M17,1/8/2024 12:00,299.18,307.46,1810,23.09,77.2
M17,1/8/2024 13:00,296.45,310.44,1321,41.77,259
M17,1/8/2024 14:00,296.94,305.23,2037,33.04,79.1
M17,1/8/2024 15:00,296.7,307.03,1739,32.02,81.6
M17,1/8/2024 16:00,297.33,309.6,1948,28.61,86.6
M17,1/8/2024 17:00,301.05,305.91,2042,35.04,78.2
M17,1/8/2024 18:00,301.41,310.34,1275,29.11,78.9
M17,1/8/2024 19:00,300.16,305.49,1702,48.52,85.2
M17,1/8/2024 20:00,297.53,307.95,1361,41,87.8
M17,1/8/2024 21:00,299.14,307.79,1843,54.78,81.7
M17,1/8/2024 22:00,301.21,308.52,2117,47.56,84.4
M17,1/8/2024 23:00,297.18,307.14,2118,34.88,83.3
M17,1/9/2024 0:00,299.54,308.58,1200,29.82,87.8
M17,1/9/2024 1:00,297.8,309.56,1985,39.16,85.4
M17,1/9/2024 2:00,300.18,309.98,1955,34.14,94.5
M17,1/9/2024 3:00,295.12,309.49,1338,29.67,87.1
M17,1/9/2024 4:00,296.62,310.11,2376,44.65,91.2
M17,1/9/2024 5:00,300.99,307.21,2185,43.81,93.2
M17,1/9/2024 6:00,301.4,305.47,1312,32.41,89.9
M17,1/9/2024 7:00,297.72,305.23,2192,30.76,97.2
M17,1/9/2024 8:00,299.14,305.63,2129,45.66,94.2
M17,1/9/2024 9:00,298.19,311.05,1462,20.09,93.3
M17,1/9/2024 10:00,295.72,311.51,1540,52.07,93
M17,1/9/2024 11:00,299.52,310.87,1368,38.8,99
M17,1/9/2024 12:00,301.02,307.9,2217,36.77,93.2
M17,1/9/2024 13:00,296.42,307.57,2235,43.6,93.1
M17,1/9/2024 14:00,297.62,306.87,2056,47.04,99.1
M17,1/9/2024 15:00,296.47,309.35,2279,47.15,98.2
M17,1/9/2024 16:00,295.83,308.85,1871,32.03,101.5
M17,1/9/2024 17:00,300.66,308.66,1355,52.08,105.8
M17,1/9/2024 18:00,297.63,307.53,2262,49.38,106.6
M17,1/9/2024 19:00,298.23,310.31,1564,27.53,99.7
M17,1/9/2024 20:00,299.11,307.18,2371,23.21,107.3
M17,1/9/2024 21:00,300.13,311.95,2291,22.28,101.7
M17,1/9/2024 22:00,296.81,309.93,1554,30.91,101.4
M17,1/9/2024 23:00,301.13,309.02,1695,54.23,109.1
M17,1/10/2024 0:00,300.15,305.71,1329,38.03,102.9
M17,1/10/2024 1:00,297.07,311.93,1805,45.33,103
M17,1/10/2024 2:00,304.35,309.49,1942,26.85,103.5
M17,1/10/2024 3:00,300.66,307.08,2121,35.43,104.6
M17,1/10/2024 4:00,301.26,309.32,2034,32.62,109.9
M17,1/10/2024 5:00,297.19,308.2,2085,28.31,113.2
M17,1/10/2024 6:00,301.2,305.84,2343,45.97,107.8
M17,1/10/2024 7:00,295.99,311.57,1746,31.94,107.3
M17,1/10/2024 8:00,295.57,309.33,1410,20.8,117.2
M17,1/10/2024 9:00,300.24,317.82,1979,44.15,109.2
M17,1/10/2024 10:00,295.94,310.18,2028,38.74,113.2
M17,1/10/2024 11:00,295.88,309.81,2222,32.45,116.1
M17,1/10/2024 12:00,300.48,310.85,3058,47.27,120.1
M17,1/10/2024 13:00,299.01,311.53,1376,46.1,111.4
M17,1/10/2024 14:00,295.97,310.6,1920,37.23,119.6
M17,1/10/2024 15:00,298.19,309.92,1523,25.1,113.3
M17,1/10/2024 16:00,298.24,310.92,2344,31.89,118.5
M17,1/10/2024 17:00,300.64,308.9,1450,25.07,117.8
M17,1/10/2024 18:00,296.3,310.02,1291,31.59,125
M17,1/10/2024 19:00,300.62,305.16,1501,51.97,125.3
M17,1/10/2024 20:00,300.64,305.31,2331,21,124.5
M17,1/10/2024 21:00,296.84,307.93,1934,49.65,126.2
M17,1/10/2024 22:00,301.68,307.79,1898,21.46,123.9
M17,1/10/2024 23:00,295.58,308.52,2396,37.68,123.2
M17,1/11/2024 0:00,296.82,305.25,1996,31.52,128
M17,1/11/2024 1:00,295.94,308.6,2207,38.58,129.7
M17,1/11/2024 2:00,301.16,307.43,1686,22.59,125.1
M17,1/11/2024 3:00,297.92,305.9,1482,49.52,122.2
M17,1/11/2024 4:00,295.68,310.09,1596,39.46,122.8
M17,1/11/2024 5:00,300.81,306.94,2115,51.59,124.2
M17,1/11/2024 6:00,295.11,308.56,1624,31.52,131.8
M17,1/11/2024 7:00,301,308.65,1860,45.54,130.6
M17,1/11/2024 8:00,298.99,307.16,1449,29.09,133.8
M17,1/11/2024 9:00,301.7,306.63,2102,24.49,128.9
M17,1/11/2024 10:00,295.65,310.15,2171,27.53,127.8
M17,1/11/2024 11:00,300.1,305.88,2006,37.27,136.1
M17,1/11/2024 12:00,298.57,308.62,2282,46.19,132.9
M17,1/11/2024 13:00,297.66,309.63,1541,32.86,136.2
M17,1/11/2024 14:00,299.64,311.11,1525,38.39,131.9
M17,1/11/2024 15:00,295.01,310.35,2279,27.64,133.5
M17,1/11/2024 16:00,298.06,308.57,1902,34.95,139.1
M17,1/11/2024 17:00,300.82,308.39,2038,42.37,137.6
M17,1/11/2024 18:00,297.79,307.27,2329,27.66,143.1
M17,1/11/2024 19:00,299.02,310.82,2172,31.72,134.9
M17,1/11/2024 20:00,296.4,311.56,1860,51.4,141.7
M17,1/11/2024 21:00,299.2,306.11,2230,44.5,140.5
M17,1/11/2024 22:00,298.2,306.94,1331,44.7,139.3
M17,1/11/2024 23:00,299.79,311.88,1520,35,140.4
M17,1/12/2024 0:00,300.24,305.82,2209,34.85,141.2
M17,1/12/2024 1:00,297.84,310.51,1347,46.86,146.4
M17,1/12/2024 2:00,301.21,309.28,2102,38.53,143.7
M17,1/12/2024 3:00,295.06,310.66,2358,53.44,143.7
M17,1/12/2024 4:00,296.29,310.85,2011,47.45,149.3
M17,1/12/2024 5:00,300.15,309.03,1517,26.04,144.5
M17,1/12/2024 6:00,296.97,308.79,1640,30.69,149.1
M17,1/12/2024 7:00,297.67,308.87,2362,42,150.9
M17,1/12/2024 8:00,299.86,311.68,2236,53.98,146.7
M17,1/12/2024 9:00,296.38,307.1,1210,22.52,153.3
M17,1/12/2024 10:00,298.07,306.69,2279,33.97,155.3
M17,1/12/2024 11:00,301.5,307.28,1758,34.59,146.4
M17,1/12/2024 12:00,296.08,307.75,2095,36.96,149.7
M17,1/12/2024 13:00,301.93,309.43,1482,37.35,148.2
M17,1/12/2024 14:00,296.44,311.48,1812,41.84,149.1
M17,1/12/2024 15:00,296.07,308.72,1914,34.31,156.7
M17,1/12/2024 16:00,296.07,308.51,1287,25.97,150.9
M17,1/12/2024 17:00,297.5,307.25,1645,39.5,159.4
M17,1/12/2024 18:00,298.18,311.12,2324,24.86,160.7
M17,1/12/2024 19:00,297.92,306.52,1959,33.92,158.7
M17,1/12/2024 20:00,300.24,305.02,2349,41.33,161.4
M17,1/12/2024 21:00,300.81,305.58,2352,44.39,163.2
M17,1/12/2024 22:00,295.45,308.38,1958,22.4,160.3
M17,1/12/2024 23:00,297.09,310.55,1538,31.87,162.1
M17,1/13/2024 0:00,296.93,308.79,2264,46.58,163.7
M17,1/13/2024 1:00,299.51,309.64,2174,29.52,161.3
M17,1/13/2024 2:00,300.46,309.08,1275,36.85,161.3
M17,1/13/2024 3:00,299.29,309.54,1630,42.35,161.5
M17,1/13/2024 4:00,298.02,308.3,2208,23.56,167.8
M17,1/13/2024 5:00,296.22,305.99,1205,49.05,162.6
M17,1/13/2024 6:00,301.28,308.41,1693,30.45,161.8
M17,1/13/2024 7:00,299.16,308.27,1304,43.24,162.5
M17,1/13/2024 8:00,299.5,308.24,1668,46.83,168.3
M17,1/13/2024 9:00,299.64,310.73,1737,44.3,167.8
M17,1/13/2024 10:00,301.6,308.28,2224,31.79,166.3
M17,1/13/2024 11:00,296.89,311.76,2199,30.82,168.4
M17,1/13/2024 12:00,299.54,308.27,1843,25.31,173.8
M17,1/13/2024 13:00,301.77,307.45,1236,49.19,172.7
M17,1/13/2024 14:00,301.78,307.41,1817,49.15,170.4
M17,1/13/2024 15:00,299.58,307.82,1518,47.56,176.6
M17,1/13/2024 16:00,296.84,309.48,1596,34.37,170.7
M17,1/13/2024 17:00,299.59,311.74,1818,35.54,172
M17,1/13/2024 18:00,296.76,310.65,2110,42.18,170.8
M17,1/13/2024 19:00,298.45,309.13,1702,54.1,171.8
M17,1/13/2024 20:00,297.24,307.38,1285,38.14,173.5
M17,1/13/2024 21:00,297.61,310.37,1275,24.29,172.3
M17,1/13/2024 22:00,297.72,305.14,2142,32.18,179.6
M17,1/13/2024 23:00,295.28,305.73,1272,52.9,178.2
M17,1/14/2024 0:00,296.89,305.23,2312,35.14,180.3
M17,1/14/2024 1:00,297.19,309.76,2014,51.64,176.7
M17,1/14/2024 2:00,297.56,310.67,1684,43.26,183.6
M17,1/14/2024 3:00,297.97,307.81,1711,32.35,178.6
M17,1/14/2024 4:00,302,307.58,1929,64.07,183.3
M17,1/14/2024 5:00,298.74,306.5,1374,53.85,180.5
M17,1/14/2024 6:00,295.75,306.36,1214,22.6,180.8
M17,1/14/2024 7:00,301.38,307.17,2208,42.23,189.4
M17,1/14/2024 8:00,297.84,309.71,1660,30.98,187.6
M17,1/14/2024 9:00,297.9,310.38,1328,53.27,183.9
M17,1/14/2024 10:00,296.37,310.37,1222,43.25,190
M17,1/14/2024 11:00,296.6,307.55,2094,49.52,188.3
M17,1/14/2024 12:00,300.77,308.6,1901,26.35,190
M17,1/14/2024 13:00,301.28,308.3,1741,44.76,190
M18,1/6/2024 10:00,301.05,308.66,2078,52.86,0
M18,1/6/2024 11:00,299.71,311.7,1540,22.64,2
M18,1/6/2024 12:00,301.07,310.64,1369,52.31,2.4
M18,1/6/2024 13:00,298.83,310.64,1500,49.5,5.4
M18,1/6/2024 14:00,297.76,310.31,1852,35.8,0.7
M18,1/6/2024 15:00,297.64,307.61,1639,26.33,5.7
M18,1/6/2024 16:00,297,305.53,2266,23.41,7.3
M18,1/6/2024 17:00,300.95,311.34,1901,22.99,4.1
M18,1/6/2024 18:00,298.58,305.13,1892,25.05,3.1
M18,1/6/2024 19:00,299.5,305.7,1643,35.56,11.4
M18,1/6/2024 20:00,297.11,305.7,1772,50.17,12
M18,1/6/2024 21:00,299.7,306.16,1352,29.14,8.6
M18,1/6/2024 22:00,297.27,311.82,1399,23.9,8.5
M18,1/6/2024 23:00,301.38,305.08,1203,37.79,13.7
M18,1/7/2024 0:00,297.04,311.36,1294,45.63,5.7
M18,1/7/2024 1:00,299.66,308.05,2313,28.3,11.1
M18,1/7/2024 2:00,299.23,305.02,2062,42.9,14.1
M18,1/7/2024 3:00,297.91,311.71,2221,25.15,10.7
M18,1/7/2024 4:00,298.61,308.93,1813,23.6,12.6
M18,1/7/2024 5:00,295.31,311.2,1531,33.55,12.4
M18,1/7/2024 6:00,297.8,309.3,2156,30.45,16.1
M18,1/7/2024 7:00,295.26,310.03,1672,41.32,11.2
M18,1/7/2024 8:00,296.75,310.58,1267,53.78,18.9
M18,1/7/2024 9:00,299.52,306.61,1467,31.77,19.1
M18,1/7/2024 10:00,301.73,308.15,1308,24.32,13.9
M18,1/7/2024 11:00,298.91,305.7,2013,54.77,15.4
M18,1/7/2024 12:00,301.68,308.24,1558,24.13,18.1
M18,1/7/2024 13:00,299.19,309.46,2015,45.5,23.3
M18,1/7/2024 14:00,296.2,310.57,1487,26.1,20.5
M18,1/7/2024 15:00,300.3,308.85,2244,35.94,25
M18,1/7/2024 16:00,295.99,310.9,1674,26.96,27.7
M18,1/7/2024 17:00,300.29,310.79,1593,43.89,24.8
M18,1/7/2024 18:00,297.86,308.14,1868,49.79,24.1
M18,1/7/2024 19:00,296.78,309.02,1906,24.27,28.8
M18,1/7/2024 20:00,297.13,311.35,1381,25.27,26.3
M18,1/7/2024 21:00,299,307.57,3014,44.73,27.3
M18,1/7/2024 22:00,295.7,311.5,1366,50,29.4
M18,1/7/2024 23:00,297.42,308.5,1316,51.26,26.2
M18,1/8/2024 0:00,301.37,309.89,1209,31.55,33.5
M18,1/8/2024 1:00,300.66,310.33,2337,40.67,26.7
M18,1/8/2024 2:00,298.91,305.81,2341,35.87,33.7
M18,1/8/2024 3:00,301.06,308.05,1324,20.33,29
M18,1/8/2024 4:00,301.59,309.59,2131,43.67,33.6
M18,1/8/2024 5:00,295.56,310.34,1684,21.56,29.9
M18,1/8/2024 6:00,300.54,310.24,2124,31.67,36
M18,1/8/2024 7:00,301.86,311.96,1896,24.07,29.2
M18,1/8/2024 8:00,301.28,311.01,1821,44.53,39.8
M18,1/8/2024 9:00,296.52,305.82,1389,54.68,34.6
M18,1/8/2024 10:00,300.92,306.14,1305,35.93,39.3
M18,1/8/2024 11:00,301.58,310.72,1812,48.1,36.4
M18,1/8/2024 12:00,295.75,308.39,2379,36.54,36.1
M18,1/8/2024 13:00,297.03,310.2,2056,31.95,35.3
M18,1/8/2024 14:00,298.19,306.16,2380,27.35,39.6
M18,1/8/2024 15:00,301.92,305.17,1616,40.3,41.4
M18,1/8/2024 16:00,299.8,308.7,1914,45.96,36.2
M18,1/8/2024 17:00,300.06,310.1,1572,52.28,46.3
M18,1/8/2024 18:00,297.85,306.53,1470,52.6,45.4
M18,1/8/2024 19:00,299.37,311.04,2102,51.16,42.7
M18,1/8/2024 20:00,295.29,309.58,2366,39.78,47.3
M18,1/8/2024 21:00,296.56,308.28,1576,50.78,47.9
M18,1/8/2024 22:00,295.49,310.5,1312,53.12,48.2
M18,1/8/2024 23:00,295.86,308.88,2756,26.03,48
M18,1/9/2024 0:00,296.15,306.35,1695,21.82,43.6
M18,1/9/2024 1:00,301.5,306.77,1976,20.79,46.9
M18,1/9/2024 2:00,295.19,310.94,1973,39.81,53.4
M18,1/9/2024 3:00,299.76,305.02,1904,42.9,46.3
M18,1/9/2024 4:00,301.16,307.26,1487,40.96,46.1
M18,1/9/2024 5:00,296.7,310.01,1299,21.16,49.7
M18,1/9/2024 6:00,296.78,311.2,2338,31.77,52
M18,1/9/2024 7:00,297.38,305.75,2385,42.11,55.1
M18,1/9/2024 8:00,295.07,306.17,1916,53.71,57.2
M18,1/9/2024 9:00,295.05,306.73,2109,34.36,58.9
M18,1/9/2024 10:00,297.56,310.61,2182,39.5,59.4
M18,1/9/2024 11:00,298.71,314.3,2314,33.89,57.3
M18,1/9/2024 12:00,301.21,311.42,1270,51.57,52.2
M18,1/9/2024 13:00,301.32,308.92,2049,52.29,61.5
M18,1/9/2024 14:00,299.63,308.78,2166,39.81,60.5
M18,1/9/2024 15:00,301.2,308.48,1356,28.81,55.1
M18,1/9/2024 16:00,297.54,307.86,2380,48.61,59
M18,1/9/2024 17:00,297.75,307.1,2074,20.29,57
M18,1/9/2024 18:00,298.9,305.05,2631,20.68,214
M18,1/9/2024 19:00,301.57,306.03,2925,45.57,222
M18,1/9/2024 20:00,295.47,306.93,2220,41.68,63.9
M18,1/9/2024 21:00,295.39,311.22,2031,34.53,66.8
M18,1/9/2024 22:00,300.18,310.46,1928,25.99,65.6
M18,1/9/2024 23:00,296.77,314.81,2931,28.04,66.8
M18,1/10/2024 0:00,298.55,308.45,1687,44.11,62.5
M18,1/10/2024 1:00,299.51,307.98,1380,50.26,64.5
M18,1/10/2024 2:00,296.07,305.94,2194,22.64,69.3
M18,1/10/2024 3:00,298.5,305.7,2142,20.24,66.3
M18,1/10/2024 4:00,298.96,308.47,2189,43.43,63.7
M18,1/10/2024 5:00,295.52,305.91,1444,49.69,65.7
M18,1/10/2024 6:00,297.47,318.4,1505,53.93,242
M18,1/10/2024 7:00,297.38,306.13,1411,32.03,75.3
M18,1/10/2024 8:00,297.6,307.26,1455,22.71,74.9
M18,1/10/2024 9:00,299.52,305.58,1537,54.08,76.2
M18,1/10/2024 10:00,300.81,308.22,1426,54.82,77.6
M18,1/10/2024 11:00,297.09,310.67,1687,40.4,70.3
M18,1/10/2024 12:00,299.21,308.62,2317,28.32,70.2
M18,1/10/2024 13:00,299.03,311.84,2162,45.47,72.6
M18,1/10/2024 14:00,298.04,310.53,2183,26.01,78.5
M18,1/10/2024 15:00,299.45,306.38,1901,50.1,78
M18,1/10/2024 16:00,298.47,309.23,1970,32.67,73.6
M18,1/10/2024 17:00,300.27,310.96,1656,51.3,81.9
M18,1/10/2024 18:00,300.84,309.29,2370,21.64,82.1
M18,1/10/2024 19:00,298.74,305.13,1807,24.39,79.5
M18,1/10/2024 20:00,301.73,309.39,1302,39.87,75.7
M18,1/10/2024 21:00,299.89,308.38,2178,34.53,79.2
M18,1/10/2024 22:00,297.67,310.45,1483,24.41,79.7
M18,1/10/2024 23:00,295.23,307.89,1672,21.86,85.4
M18,1/11/2024 0:00,296.88,310.81,1320,51.93,85.4
M18,1/11/2024 1:00,296.69,311.61,1432,46.32,81.2
M18,1/11/2024 2:00,297.18,305.46,2206,53.6,83.4
M18,1/11/2024 3:00,300.52,311.15,1334,38.26,82.1
M18,1/11/2024 4:00,296.56,311.85,2280,54.48,84.4
M18,1/11/2024 5:00,296.15,309.03,1696,49.19,92
M18,1/11/2024 6:00,297.26,307.92,2050,51.91,88
M18,1/11/2024 7:00,301.54,311.88,1710,50.21,84.1
M18,1/11/2024 8:00,298.02,311.39,1816,36.27,92.5
M18,1/11/2024 9:00,295.07,310.04,1493,68.21,85.6
M18,1/11/2024 10:00,298.17,305.47,1838,30.54,90.7
M18,1/11/2024 11:00,300.89,309.94,1851,29.09,96.3
M18,1/11/2024 12:00,296.99,309.49,1455,34.02,92.6
M18,1/11/2024 13:00,299.94,305.43,2086,35.5,92.1
M18,1/11/2024 14:00,301.62,306.57,1602,30.7,91.6
M18,1/11/2024 15:00,299.11,306.94,1634,45.88,96.7
M18,1/11/2024 16:00,300.54,309.82,1557,37.97,96.3
M18,1/11/2024 17:00,298.2,315.71,2763,23.45,93.7
M18,1/11/2024 18:00,295.35,311.9,2066,30.86,100.7
M18,1/11/2024 19:00,300.31,311.53,1244,42.17,98.4
M18,1/11/2024 20:00,300.73,306.1,1695,28.06,94.2
M18,1/11/2024 21:00,297.8,305.88,1470,31.43,102.7
M18,1/11/2024 22:00,295.63,311.63,1864,38.7,100.3
M18,1/11/2024 23:00,301.69,306.87,1307,29.57,97.6
M18,1/12/2024 0:00,299.81,307.09,1898,33.76,97.6
M18,1/12/2024 1:00,296.09,310.69,1379,24.61,99.9
M18,1/12/2024 2:00,295.25,308.4,2258,22.64,99.3
M18,1/12/2024 3:00,301.84,311.82,1907,51.62,102.6
M18,1/12/2024 4:00,300.1,307.17,1720,52.61,109.6
M18,1/12/2024 5:00,301.12,305.77,2218,50.04,103.8
M18,1/12/2024 6:00,295.85,311.52,2085,47.91,103.1
M18,1/12/2024 7:00,299.55,311.86,2038,28.61,110.6
M18,1/12/2024 8:00,300.21,305.94,1352,43.5,111.6
M18,1/12/2024 9:00,301.24,310.01,1686,31.06,103.8
M18,1/12/2024 10:00,298.21,311.58,1840,21.45,106
M18,1/12/2024 11:00,298.94,307.7,1934,43.37,109.4
M18,1/12/2024 12:00,301.14,307.14,1641,44.25,110.2
M18,1/12/2024 13:00,298.54,310.22,1277,23.83,107.5
M18,1/12/2024 14:00,300.28,310.13,1302,45.64,113.5
M18,1/12/2024 15:00,298.59,308.51,1401,38.83,110.3
M18,1/12/2024 16:00,301.82,307.74,1434,33.51,111.4
M18,1/12/2024 17:00,297.85,308.56,2297,45.69,110.6
M18,1/12/2024 18:00,297.47,307.94,1293,54.76,116.8
M18,1/12/2024 19:00,297.67,311.95,2340,38.77,112.9
M18,1/12/2024 20:00,298.67,305.08,3008,45.01,113.6
M18,1/12/2024 21:00,296.08,306.35,1631,32.31,115.6
M18,1/12/2024 22:00,296.56,310.07,1258,53.58,115.8
M18,1/12/2024 23:00,299.23,311.67,2265,46.61,120.2
M18,1/13/2024 0:00,297.6,309.49,1909,54.19,121.2
M18,1/13/2024 1:00,298.23,305.56,1993,36.83,121.5
M18,1/13/2024 2:00,297.65,308.61,2055,35.73,117.3
M18,1/13/2024 3:00,300.34,319.98,1372,66.97,120.9
M18,1/13/2024 4:00,300.25,315.77,2098,27.33,127.4
M18,1/13/2024 5:00,300.84,307.42,1878,46.54,121
M18,1/13/2024 6:00,299.92,308.37,1695,20.64,121.6
M18,1/13/2024 7:00,299.81,308.37,1529,49.39,121.5
M18,1/13/2024 8:00,298.36,306.08,1411,25.03,127.8
M18,1/13/2024 9:00,297.62,310.73,1890,31.24,128.5
M18,1/13/2024 10:00,297.07,311.95,2238,54.77,129.9
M18,1/13/2024 11:00,299.1,308.85,1627,39.88,128.4
M18,1/13/2024 12:00,296.66,308.57,1476,30.84,125.2
M18,1/13/2024 13:00,296.42,310.55,1777,28.71,127.2
M18,1/13/2024 14:00,295.19,309.06,1796,27.82,127.3
M18,1/13/2024 15:00,301.56,311.9,2207,44.21,133.6
M18,1/13/2024 16:00,301.94,308.96,2045,30.99,130
M18,1/13/2024 17:00,296.07,309.33,1598,32.57,133.2
M18,1/13/2024 18:00,296.1,315.12,2126,47.23,135.1
M18,1/13/2024 19:00,295.91,311.28,1787,21.36,133.3
M18,1/13/2024 20:00,300.97,311.83,1409,26.46,131.1
M18,1/13/2024 21:00,298.95,305.3,1737,23.58,136.2
M18,1/13/2024 22:00,300.41,308.55,1224,31.79,135.9
M18,1/13/2024 23:00,299.97,310.61,1568,27.61,133.8
M18,1/14/2024 0:00,297.06,306.93,1268,40.43,137.1
M18,1/14/2024 1:00,295.58,305.98,2000,41.4,142.4
M18,1/14/2024 2:00,300.99,306.97,1820,25.44,136.3
M18,1/14/2024 3:00,296.82,308.89,1714,38.78,144
M18,1/14/2024 4:00,307.61,311.08,1680,36.17,139.4
M18,1/14/2024 5:00,295.22,306.07,1979,42.1,145.2
M18,1/14/2024 6:00,300.52,309.23,1709,43.43,142
M18,1/14/2024 7:00,295.17,308.18,1389,50.57,144.3
M18,1/14/2024 8:00,300.82,310.7,1456,45.68,147.9
M18,1/14/2024 9:00,299.6,309.19,1822,45.42,144.3
M18,1/14/2024 10:00,300.44,307.03,1292,27.72,141.7
M18,1/14/2024 11:00,300.29,308.61,1427,53.04,151.7
M18,1/14/2024 12:00,295.72,305.07,1900,52.26,149.4
M18,1/14/2024 13:00,297.2,305.81,1204,30.84,147.7
M18,1/14/2024 14:00,297.9,309.01,1762,47.73,152
M18,1/14/2024 15:00,298.17,307.07,2912,36.06,146.8
M18,1/14/2024 16:00,300.34,307.73,1844,36.58,154.9
M18,1/14/2024 17:00,297.3,311.84,1750,47.67,150.8
M18,1/14/2024 18:00,296.56,311,2121,29.29,153.2
M18,1/14/2024 19:00,301.45,308.68,1207,41.15,150.1
M18,1/14/2024 20:00,299.96,307.75,1791,23.11,156.7
M18,1/14/2024 21:00,297.1,305.03,1989,20.59,151
M18,1/14/2024 22:00,298.16,306.64,1333,44.6,155.6
M18,1/14/2024 23:00,301.48,307.78,2966,43.99,255
M18,1/15/2024 0:00,295.66,307.25,3083,70.6,160.9
M18,1/15/2024 1:00,299.2,311.14,1975,47.12,158.7
M18,1/15/2024 2:00,299.14,308.56,2258,22.43,153.2
M18,1/15/2024 3:00,297.84,305.75,1309,52.25,158.4
M18,1/15/2024 4:00,300.27,308.11,1654,42.88,157.7
M18,1/15/2024 5:00,299.17,310.66,1275,35.55,156.4
M18,1/15/2024 6:00,295.52,305.75,2066,49.13,166
M18,1/15/2024 7:00,295.17,311.45,1748,30.03,157.7
M18,1/15/2024 8:00,297.5,310.94,2066,35.67,159.9
M18,1/15/2024 9:00,299.63,307.12,2356,45.56,168.2
M18,1/15/2024 10:00,297.62,306.13,2362,54.5,164
M18,1/15/2024 11:00,300.73,310.09,1937,28.53,159.9
M18,1/15/2024 12:00,295.39,309.32,2399,40.43,164.5
M18,1/15/2024 13:00,297.44,310.04,1428,53.5,167.6
M18,1/15/2024 14:00,298.19,305.73,2130,27.58,167.9
M18,1/15/2024 15:00,297.99,311.39,1759,37.73,170.1
M18,1/15/2024 16:00,301.43,310.55,2347,48.79,172.2
M18,1/15/2024 17:00,297.31,309.63,1514,50.3,171.1
M18,1/15/2024 18:00,298.17,305.65,1360,54.69,174.8
M18,1/15/2024 19:00,296.41,305.87,2186,52.11,169.9
M18,1/15/2024 20:00,298.01,307.56,2345,42.44,171.5
M18,1/15/2024 21:00,297.24,309.25,1442,50.83,168.7
M18,1/15/2024 22:00,295.17,309.88,2341,41.43,177.6
M18,1/15/2024 23:00,296.84,307.12,1627,48.69,174.4
M18,1/16/2024 0:00,295.11,311.57,1871,32.62,169.8
M18,1/16/2024 1:00,299.2,306.66,1470,36.64,179
M18,1/16/2024 2:00,298.79,307.77,2394,53.77,174.9
M18,1/16/2024 3:00,300.84,309.54,1874,20.83,181.3
M18,1/16/2024 4:00,295.38,305.34,1364,47.43,180.8
M18,1/16/2024 5:00,300.4,305.39,1869,34.84,177.8
M18,1/16/2024 6:00,298.22,308.93,1716,53.88,181.8
M18,1/16/2024 7:00,295.57,311.63,1673,20.04,181.8
M18,1/16/2024 8:00,295.98,310.35,2287,49.88,182.5
M18,1/16/2024 9:00,299.01,305.36,2348,49.84,181.4
M18,1/16/2024 10:00,301.53,305.52,1740,43.29,182.7
M18,1/16/2024 11:00,301.22,311.85,1701,41.98,182.3
M18,1/16/2024 12:00,297.54,307.22,2058,22.46,180.3
M18,1/16/2024 13:00,300.4,308.71,1478,50.76,179.9
M18,1/16/2024 14:00,295.57,310.09,2014,48.77,181.7
M18,1/16/2024 15:00,299.47,309.39,1657,49,182.8
M18,1/16/2024 16:00,300.35,309.83,2093,41.26,186.2
M18,1/16/2024 17:00,301.39,309.27,1335,34.48,187.3
M18,1/16/2024 18:00,300.86,306.03,2382,43.32,190
M18,1/16/2024 19:00,299.61,311.84,1486,47.59,189.6
M19,1/7/2024 19:00,300.64,310.64,1408,26.12,3.9
M19,1/7/2024 20:00,299.08,309.24,2362,31.23,4.4
M19,1/7/2024 21:00,297.19,311.35,2048,46.66,0
M19,1/7/2024 22:00,296.95,311.73,2079,46.84,4.6
M19,1/7/2024 23:00,295.79,311.8,1437,22.6,5.9
M19,1/8/2024 0:00,295.32,306.8,2264,20.86,4.4
M19,1/8/2024 1:00,300.89,307.22,1912,40.78,6.2
M19,1/8/2024 2:00,300.4,311.37,1541,47.3,5.6
M19,1/8/2024 3:00,295.36,311.46,2381,23.43,2.6
M19,1/8/2024 4:00,296.87,307.73,1682,36.38,3
M19,1/8/2024 5:00,300.07,307.78,1246,27.57,4.5
M19,1/8/2024 6:00,295.51,310.57,1558,41.79,6.8
M19,1/8/2024 7:00,298.97,308.43,1665,45.25,13.8
M19,1/8/2024 8:00,296.37,310.81,2201,49.85,8
M19,1/8/2024 9:00,298.95,309.5,1499,28.92,10.2
M19,1/8/2024 10:00,295.51,308.36,1643,54.57,16
M19,1/8/2024 11:00,296.53,308.69,1503,53.65,11.1
M19,1/8/2024 12:00,301.04,305.73,1528,32.77,13.5
M19,1/8/2024 13:00,296.12,306.46,1229,39.01,12.3
M19,1/8/2024 14:00,295.22,311.63,1499,40.23,11.1
M19,1/8/2024 15:00,299.46,305.98,2155,27.81,19.3
M19,1/8/2024 16:00,300.6,305.28,2166,43.9,16.2
M19,1/8/2024 17:00,296.2,308.09,2074,54.36,19.3
M19,1/8/2024 18:00,297.44,306.29,2166,24.68,13.1
M19,1/8/2024 19:00,295.16,307.06,2315,36.45,21.5
M19,1/8/2024 20:00,299.77,306.12,2080,46.67,16.1
M19,1/8/2024 21:00,295.46,309.37,1870,32.37,15.7
M19,1/8/2024 22:00,295.13,307.54,1365,21.13,16.7
M19,1/8/2024 23:00,298.76,306.79,1463,24.51,25.1
M19,1/9/2024 0:00,295.33,306.47,1221,54.86,18.4
M19,1/9/2024 1:00,295.27,310.22,2283,28.08,24.9
M19,1/9/2024 2:00,296.9,306,1762,26.91,23.1
M19,1/9/2024 3:00,299.02,311.86,2373,78.03,28.9
M19,1/9/2024 4:00,296.55,307.95,2073,41.43,28.4
M19,1/9/2024 5:00,299.73,305.06,1622,50.03,23.4
M19,1/9/2024 6:00,296.77,311.6,1997,23.49,25.5
M19,1/9/2024 7:00,295.03,309.8,1788,30.16,29.7
M19,1/9/2024 8:00,295.7,310.1,1394,37.14,26.1
M19,1/9/2024 9:00,297.89,309.85,2256,20.13,25.2
M19,1/9/2024 10:00,297.51,307.22,1237,42.9,34.3
M19,1/9/2024 11:00,299.01,309.94,1402,45.58,33.1
M19,1/9/2024 12:00,300.86,309.96,1962,25.59,28.6
M19,1/9/2024 13:00,299.62,311.86,1298,31.35,35.3
M19,1/9/2024 14:00,298.19,308.12,1822,28.23,36.9
M19,1/9/2024 15:00,301.68,310.96,1826,37.39,32.5
M19,1/9/2024 16:00,300.22,309.73,1945,21.64,30.3
M19,1/9/2024 17:00,297.31,306.11,1864,31.18,36.8
M19,1/9/2024 18:00,298.24,309.93,2330,38.84,34.7
M19,1/9/2024 19:00,301.88,306.93,1238,53.93,31.7
M19,1/9/2024 20:00,297.51,311.32,2239,20.24,39.8
M19,1/9/2024 21:00,300.86,308.02,1833,48.94,34.3
M19,1/9/2024 22:00,301.25,307.58,1872,53.59,41.4
M19,1/9/2024 23:00,297.55,311.15,1292,31.41,42.5
M19,1/10/2024 0:00,298.1,308.11,1380,23.74,37.2
M19,1/10/2024 1:00,299.15,308.84,1237,44.8,43.6
M19,1/10/2024 2:00,301.8,308.1,1712,31.38,45.5
M19,1/10/2024 3:00,301.98,305,2367,54.26,46
M19,1/10/2024 4:00,298.99,311.38,1279,47.93,39.4
M19,1/10/2024 5:00,301.5,306.18,1438,47.18,41.1
M19,1/10/2024 6:00,299.17,307.63,1215,52.04,41.8
M19,1/10/2024 7:00,299.77,305.49,2239,42.25,49.5
M19,1/10/2024 8:00,300.05,305.05,2215,29.83,50.4
M19,1/10/2024 9:00,300.23,310.11,2371,41.15,48.5
M19,1/10/2024 10:00,301.02,309.16,2155,23.68,51.9
M19,1/10/2024 11:00,297.76,305.34,1651,27.39,50.4
M19,1/10/2024 12:00,301.17,309.74,1498,37.97,51.7
M19,1/10/2024 13:00,298.93,309.3,2012,37.94,46.2
M19,1/10/2024 14:00,305.62,306.64,2378,36.36,52.9
M19,1/10/2024 15:00,298.48,306.99,2392,54.31,55.2
M19,1/10/2024 16:00,299.57,307.08,1766,30.94,54.3
M19,1/10/2024 17:00,296.77,310.6,1767,23.86,57.8
M19,1/10/2024 18:00,299.07,310.8,2072,24.74,55.4
M19,1/10/2024 19:00,296.99,306.63,2125,49.06,59.7
M19,1/10/2024 20:00,297.74,311.56,1730,28.73,56.3
M19,1/10/2024 21:00,296.47,309.28,1874,53.42,57.6
M19,1/10/2024 22:00,300.19,308.23,2372,53.81,55.6
M19,1/10/2024 23:00,298.15,310.29,2217,31.55,59.4
M19,1/11/2024 0:00,295.5,308.34,1833,54.86,55.7
M19,1/11/2024 1:00,295.27,310.89,1631,21.99,58.7
M19,1/11/2024 2:00,300.64,310.88,2153,53.51,56
M19,1/11/2024 3:00,299.46,306.35,1252,42.47,55.8
M19,1/11/2024 4:00,296.53,309.09,1504,26.68,63.7
M19,1/11/2024 5:00,296.98,306.65,1587,34.31,63.2
M19,1/11/2024 6:00,301.68,307.33,1288,45.48,60.3
M19,1/11/2024 7:00,301.73,311.51,2004,31.03,60.4
M19,1/11/2024 8:00,299.86,309.98,1443,29.97,64.1
M19,1/11/2024 9:00,299.83,306.32,1462,28.6,65.2
M19,1/11/2024 10:00,297.97,309.29,1268,40.48,68.2
M19,1/11/2024 11:00,297.41,308.16,1285,67.04,63.4
M19,1/11/2024 12:00,296.36,311.82,1743,52.8,70.6
M19,1/11/2024 13:00,300.6,310.59,1427,46.81,64.5
M19,1/11/2024 14:00,301.49,309.18,1502,36.72,71.5
M19,1/11/2024 15:00,300.9,307.27,2096,45.72,66
M19,1/11/2024 16:00,301.09,311.34,2308,42.72,72.2
M19,1/11/2024 17:00,297.55,307.07,2058,39.51,70
M19,1/11/2024 18:00,301.56,307.6,1863,48.39,70.6
M19,1/11/2024 19:00,295.88,307.86,1881,35,73
M19,1/11/2024 20:00,298.77,310.61,1838,52.3,70.9
M19,1/11/2024 21:00,298.42,311,1592,40.18,75.5
M19,1/11/2024 22:00,300.76,305.25,2264,26.23,77.7
M19,1/11/2024 23:00,298.96,310.05,1491,53.18,75.2
M19,1/12/2024 0:00,295.12,311.63,1576,25.24,77.4
M19,1/12/2024 1:00,297.36,305.16,1413,36.03,78.6
M19,1/12/2024 2:00,301.57,308.24,1337,53.47,80.1
M19,1/12/2024 3:00,295.39,309.09,1627,28.85,80.2
M19,1/12/2024 4:00,299.19,311.26,1434,33.38,82.1
M19,1/12/2024 5:00,296.36,306.66,1673,40.59,81.9
M19,1/12/2024 6:00,300.18,306.1,1973,47.41,82.4
M19,1/12/2024 7:00,300.95,306.57,2183,22.98,78.8
M19,1/12/2024 8:00,301.06,311.28,1457,50.96,82.9
M19,1/12/2024 9:00,298.11,306.96,2129,47.28,81.8
M19,1/12/2024 10:00,297.27,310.15,2296,51.12,87.3
M19,1/12/2024 11:00,301.53,305.43,1596,25.28,87
M19,1/12/2024 12:00,299.86,310.2,1362,54.33,82.6
M19,1/12/2024 13:00,298.87,311.31,1729,34.56,85.8
M19,1/12/2024 14:00,297.27,310.18,1754,37.19,82.5
M19,1/12/2024 15:00,300.73,310.75,2073,51.01,92.7
M19,1/12/2024 16:00,299.86,306.8,1901,26.19,88.5
M19,1/12/2024 17:00,298.26,306.75,2213,39.16,222
M19,1/12/2024 18:00,297.92,308.35,2138,47.14,86
M19,1/12/2024 19:00,296,309.3,2224,41.23,95.7
M19,1/12/2024 20:00,297.14,307.79,1325,47.84,88.3
M19,1/12/2024 21:00,296.03,307.81,1345,44.76,95.3
M19,1/12/2024 22:00,298.06,305.01,1601,50.3,89.2
M19,1/12/2024 23:00,297.97,307.34,2014,39,89.3
M19,1/13/2024 0:00,299.83,311.75,2022,33.23,100
M19,1/13/2024 1:00,299.04,307.57,1331,25.05,96.6
M19,1/13/2024 2:00,295.86,306.22,1737,24.67,98.4
M19,1/13/2024 3:00,297.61,309.8,1370,49.35,100.2
M19,1/13/2024 4:00,299.23,311.84,2339,43.83,98.6
M19,1/13/2024 5:00,295.02,309.92,2165,20.04,98.9
M19,1/13/2024 6:00,297.8,311.11,1410,32.85,95
M19,1/13/2024 7:00,295.72,311.64,2165,48.95,95.9
M19,1/13/2024 8:00,297.97,308.84,1963,45.62,102.1
M19,1/13/2024 9:00,296.06,311.38,2044,22.91,97.4
M19,1/13/2024 10:00,295.64,311.48,2368,52.38,98.1
M19,1/13/2024 11:00,300.71,308.47,1941,20.98,100.1
M19,1/13/2024 12:00,296.04,309.66,2357,36.57,106
M19,1/13/2024 13:00,296.61,309.78,1559,21.15,100
M19,1/13/2024 14:00,299.34,311.2,1946,51.66,108.5
M19,1/13/2024 15:00,299.54,309.72,1883,42.4,110.1
M19,1/13/2024 16:00,299.17,310.24,2124,46.19,104.7
M19,1/13/2024 17:00,297.43,307.69,1728,43.41,104.6
M19,1/13/2024 18:00,297.83,305.79,1632,35.43,104.1
M19,1/13/2024 19:00,299.76,307.56,1584,28.34,113.8
M19,1/13/2024 20:00,300.37,311.08,2067,47.87,109.2
M19,1/13/2024 21:00,300.48,309.26,1976,38.68,113.4
M19,1/13/2024 22:00,300.37,305.03,2285,31.21,111.7
M19,1/13/2024 23:00,300.57,307.11,1295,48,112.7
M19,1/14/2024 0:00,297.74,308.56,1763,29.55,114.4
M19,1/14/2024 1:00,296.48,310.74,1891,37.62,110.7
M19,1/14/2024 2:00,299.72,308.11,1743,31.57,115.4
M19,1/14/2024 3:00,298.06,306.28,1965,46.77,113.7
M19,1/14/2024 4:00,300.16,305.76,1438,23.17,120.9
M19,1/14/2024 5:00,298.63,310.6,1345,53.68,114.5
M19,1/14/2024 6:00,301.28,309.27,1858,40.88,121
M19,1/14/2024 7:00,297.5,309.04,1441,37.5,115.7
M19,1/14/2024 8:00,298.18,314.46,1763,44.26,122.8
M19,1/14/2024 9:00,301.01,306.85,1908,41.57,124.6
M19,1/14/2024 10:00,295.94,307.34,1879,30.38,124.1
M19,1/14/2024 11:00,298.62,311.19,2191,52.25,122.1
M19,1/14/2024 12:00,299.27,311.78,1777,36.47,124.2
M19,1/14/2024 13:00,298.78,308.13,1991,20.17,119.9
M19,1/14/2024 14:00,298.19,305.73,2321,52.16,125.7
M19,1/14/2024 15:00,301.16,305.56,2080,22.75,121.5
M19,1/14/2024 16:00,295.33,306.9,1495,41.75,129.4
M19,1/14/2024 17:00,301.05,310.87,2231,38.15,127.3
M19,1/14/2024 18:00,298.79,308.23,2163,31.57,124.7
M19,1/14/2024 19:00,301.18,310.31,1341,28.25,122.7
M19,1/14/2024 20:00,301.48,305.95,2390,54.69,133.3
M19,1/14/2024 21:00,301.23,305.02,1872,53.69,128.5
M19,1/14/2024 22:00,297.33,311.94,2390,27.31,128.7
M19,1/14/2024 23:00,299.22,305.78,1770,49.45,131
M19,1/15/2024 0:00,298.35,306.7,1915,34.25,135.7
M19,1/15/2024 1:00,297.52,308.88,2023,24.76,128.6
M19,1/15/2024 2:00,301.07,305.43,2153,20.99,132.2
M19,1/15/2024 3:00,298.63,311.06,1675,23.57,129.1
M19,1/15/2024 4:00,298.15,311.47,1694,28.68,131.7
M19,1/15/2024 5:00,299.73,310.66,2207,22.36,134.4
M19,1/15/2024 6:00,296.99,308.2,1921,34.64,139.7
M19,1/15/2024 7:00,295.74,309.38,1629,39.03,131.9
M19,1/15/2024 8:00,296.3,311.33,2305,46.54,133
M19,1/15/2024 9:00,295.54,309.88,1811,32.14,141.9
M19,1/15/2024 10:00,297.81,306.62,2086,31.41,142.4
M19,1/15/2024 11:00,301.51,306.16,2328,43.82,136.6
M19,1/15/2024 12:00,301.57,311.4,2271,44.67,139.4
M19,1/15/2024 13:00,301.38,307.21,1758,33.65,145.6
M19,1/15/2024 14:00,300.33,306.23,2227,51.17,147.1
M19,1/15/2024 15:00,301.93,308.14,1273,31.49,138.3
M19,1/15/2024 16:00,296.54,309.72,2306,39.44,147.7
M19,1/15/2024 17:00,300.14,311.05,1629,46.1,148.6
M19,1/15/2024 18:00,298.03,307.67,2093,54.31,141.4
M19,1/15/2024 19:00,301.11,308.36,1997,24.77,150.4
M19,1/15/2024 20:00,300.44,306.3,1494,38.52,149.1
M19,1/15/2024 21:00,300.06,306.05,2235,54.79,147.3
M19,1/15/2024 22:00,300.82,308.06,1363,53.48,143.3
M19,1/15/2024 23:00,298.76,310.77,1744,42.32,147.4
M19,1/16/2024 0:00,300.3,311.69,1954,36.81,148.1
M19,1/16/2024 1:00,296.35,315.71,2915,37.49,152.6
M19,1/16/2024 2:00,299.94,308.29,1324,52.95,154
M19,1/16/2024 3:00,299.45,310.77,1548,39.28,155.2
M19,1/16/2024 4:00,301.46,305.16,1534,47.6,148.2
M19,1/16/2024 5:00,296.07,307.4,1794,51.79,153.7
M19,1/16/2024 6:00,299.9,306.56,2385,47.85,158.2
M19,1/16/2024 7:00,299.54,307.05,1412,34.54,159.8
M19,1/16/2024 8:00,301.68,307.52,2395,34.75,158.6
M19,1/16/2024 9:00,301.09,308.22,2280,33.68,159.4
M19,1/16/2024 10:00,297.66,305.07,1770,38.02,161.6
M19,1/16/2024 11:00,299.7,308.5,1667,27.25,160.2
M19,1/16/2024 12:00,295.49,309.83,1780,39.05,157.1
M19,1/16/2024 13:00,301.43,308.06,1221,43.07,158.8
M19,1/16/2024 14:00,299.74,306.83,1840,40.39,161.3
M19,1/16/2024 15:00,301.71,307.95,1265,37.09,156.4
M19,1/16/2024 16:00,297.26,305.41,1463,53.04,157.4
M19,1/16/2024 17:00,296.71,308.58,1440,28.45,167.1
M19,1/16/2024 18:00,301.07,307.63,2314,27.83,162
M19,1/16/2024 19:00,295.37,311.24,2322,47.13,159.9
M19,1/16/2024 20:00,295.12,305.82,1647,27.23,162.7
M19,1/16/2024 21:00,297.28,308.21,1464,42.26,165.2
M19,1/16/2024 22:00,300.37,305.5,1852,52.41,165.1
M19,1/16/2024 23:00,299.35,308.24,2390,43.37,165.2
M19,1/17/2024 0:00,297.38,307.4,2367,32.98,166.6
M19,1/17/2024 1:00,297.27,309.54,1992,24.69,170.8
M19,1/17/2024 2:00,295.8,308.6,1786,51.41,170.1
M19,1/17/2024 3:00,301.59,309.83,1468,45.87,171.9
M19,1/17/2024 4:00,300.66,305.43,2128,51.3,173.7
M19,1/17/2024 5:00,298.5,310.42,1352,33.8,169.9
M19,1/17/2024 6:00,299.27,309.97,1389,30.48,176.6
M19,1/17/2024 7:00,299.97,307.24,1322,48.13,168.7
M19,1/17/2024 8:00,295.95,309.41,1736,36.21,169.3
M19,1/17/2024 9:00,298.83,307.1,1316,26.6,177.1
M19,1/17/2024 10:00,296.69,310.06,1387,47.5,177.9
M19,1/17/2024 11:00,301.94,305.07,1554,40.4,181.3
M19,1/17/2024 12:00,297.03,310.85,1245,40.16,173
M19,1/17/2024 13:00,295.62,308.86,1279,32.66,181.1
M19,1/17/2024 14:00,298.35,307.22,2363,22.14,173.9
M19,1/17/2024 15:00,298.35,311.39,1381,24.77,183.5
M19,1/17/2024 16:00,296.08,307.12,1216,23.02,184.1
M19,1/17/2024 17:00,301.77,305.8,1819,45.94,183.2
M19,1/17/2024 18:00,300.61,309.97,2168,22.4,178.8
M19,1/17/2024 19:00,299.36,309.84,2145,34.96,181.6
M19,1/17/2024 20:00,296.67,310.74,1437,46.88,179.7
M19,1/17/2024 21:00,299.33,311.18,2585,37.59,215
M19,1/17/2024 22:00,299.33,311.66,1303,39.46,186.1
M19,1/17/2024 23:00,299.05,309.74,1818,48.33,182
M19,1/18/2024 0:00,299.01,309.73,1273,37.96,181.9
M19,1/18/2024 1:00,297.25,311.75,1623,23.29,190
M19,1/18/2024 2:00,298.02,311.04,2016,37.12,190
M19,1/18/2024 3:00,299.98,309.87,1341,51.89,184.3
M19,1/18/2024 4:00,296.52,308.83,2353,23.23,185.4
M20,1/9/2024 4:00,298.35,305.25,1261,23.92,2.2
M20,1/9/2024 5:00,295.16,311.21,1709,29.54,3.8
M20,1/9/2024 6:00,298.01,311.71,1356,28.96,1.7
M20,1/9/2024 7:00,297.41,310.78,2215,35.88,4.8
M20,1/9/2024 8:00,299.95,309.57,1511,27.91,6.3
M20,1/9/2024 9:00,296.46,307.76,1601,43.17,8.4
M20,1/9/2024 10:00,295.54,309.57,1312,31.04,8.4
M20,1/9/2024 11:00,301.84,311.8,1584,46.59,6.1
M20,1/9/2024 12:00,300.4,305.42,2017,50.44,1.3
M20,1/9/2024 13:00,299.25,307.82,2012,33.9,7.9
M20,1/9/2024 14:00,295.96,310.36,1646,44.15,3.2
M20,1/9/2024 15:00,300.2,307.23,1218,47.35,9.2
M20,1/9/2024 16:00,295.46,309.59,2345,34.73,6.6
M20,1/9/2024 17:00,296.51,305.21,2031,31.82,10.2
M20,1/9/2024 18:00,297,309.87,2277,39.32,11.9
M20,1/9/2024 19:00,296.7,307.35,1210,49.43,11.3
M20,1/9/2024 20:00,300.96,307.28,2309,49.35,8.6
M20,1/9/2024 21:00,301.62,310.2,1929,31.07,16.6
M20,1/9/2024 22:00,300.39,311.26,2061,47.36,18.3
M20,1/9/2024 23:00,298.64,306.16,1681,34.99,14.9
M20,1/10/2024 0:00,298.83,308.42,2011,50.73,18.6
M20,1/10/2024 1:00,301.67,308.72,1266,29.03,13.3
M20,1/10/2024 2:00,297.55,307.18,2062,51.45,14.5
M20,1/10/2024 3:00,298.36,309.98,1401,33.75,17.4
M20,1/10/2024 4:00,295.27,306.6,2136,31.65,22.1
M20,1/10/2024 5:00,298.37,305.26,1732,32.54,17
M20,1/10/2024 6:00,295.78,310.43,1718,47.97,18.5
M20,1/10/2024 7:00,295.79,307.18,1638,44.61,24.4
M20,1/10/2024 8:00,298.77,305.83,1828,33.53,16.6
M20,1/10/2024 9:00,297.63,305.63,1540,33.99,24.5
M20,1/10/2024 10:00,297.39,309.96,1752,33.27,21.3
M20,1/10/2024 11:00,300.19,308.51,1705,33.29,26.1
M20,1/10/2024 12:00,301.6,311.8,1674,37.49,20.2
M20,1/10/2024 13:00,295.19,307.03,1758,42.12,23.2
M20,1/10/2024 14:00,300.93,307.48,2040,47.58,21.1
M20,1/10/2024 15:00,295.05,305.6,2047,42.52,23
M20,1/10/2024 16:00,296.05,306.54,2270,33.17,28.2
M20,1/10/2024 17:00,299.81,309.83,2111,46.03,31.1
M20,1/10/2024 18:00,298.71,308.75,1313,52.98,27.1
M20,1/10/2024 19:00,298.16,311.86,2399,26.78,24.9
M20,1/10/2024 20:00,299.02,307.84,1938,21.16,26.5
M20,1/10/2024 21:00,300.62,310.54,1239,28.42,34.3
M20,1/10/2024 22:00,298.93,306.32,2170,48.45,27.3
M20,1/10/2024 23:00,296.21,308.41,2368,31.58,34.3
M20,1/11/2024 0:00,299.97,307.13,1571,40.79,32
M20,1/11/2024 1:00,300.24,307.99,1874,30.28,37.6
M20,1/11/2024 2:00,300.26,308.33,1924,49.57,31.3
M20,1/11/2024 3:00,298.5,311.77,1429,34.52,40
M20,1/11/2024 4:00,301.22,310.03,1336,42.69,35.9
M20,1/11/2024 5:00,298.23,309.64,1782,44.4,35.4
M20,1/11/2024 6:00,297.19,305.82,2038,44.91,38.5
M20,1/11/2024 7:00,297.96,311.37,2253,41.21,40.9
M20,1/11/2024 8:00,299.78,305.32,1385,35.57,39.2
M20,1/11/2024 9:00,295.72,309.78,1781,42.27,38.7
M20,1/11/2024 10:00,295.52,310.17,1283,49.98,44.8
M20,1/11/2024 11:00,301.58,307.11,1777,23.15,46
M20,1/11/2024 12:00,299.38,311.24,1702,30.97,41.1
M20,1/11/2024 13:00,301.98,310.7,2309,27.07,40.5
M20,1/11/2024 14:00,298.74,308.3,1935,50.08,45.7
M20,1/11/2024 15:00,298.88,309.62,1298,52.14,44
M20,1/11/2024 16:00,296.92,308.19,2167,23.35,41.4
M20,1/11/2024 17:00,295.91,310.1,1332,49.25,50
M20,1/11/2024 18:00,301.72,309.73,2268,47.66,44.9
M20,1/11/2024 19:00,301.55,308.41,2381,24.23,52.8
M20,1/11/2024 20:00,297.1,307.81,1721,33.36,50.1
M20,1/11/2024 21:00,302,310.99,1693,22.11,50.2
M20,1/11/2024 22:00,297.12,310.12,1818,50.56,50.1
M20,1/11/2024 23:00,300.69,309.69,2319,50.03,53.6
M20,1/12/2024 0:00,296.29,308.48,2188,53.97,52.3
M20,1/12/2024 1:00,300.1,308.21,1315,36.41,53
M20,1/12/2024 2:00,296.03,306.7,1884,52.6,49.8
M20,1/12/2024 3:00,300.09,308.88,1263,39.27,50.6
M20,1/12/2024 4:00,298.38,311.8,1323,41.51,56.4
M20,1/12/2024 5:00,295.14,308.79,1938,51.87,58.9
M20,1/12/2024 6:00,296.51,309,1939,36.08,55.3
M20,1/12/2024 7:00,305.51,308.71,1422,46.9,256
M20,1/12/2024 8:00,296.72,308.64,1324,38.47,57.9
M20,1/12/2024 9:00,301.43,309.94,2090,46.3,62.9
M20,1/12/2024 10:00,295.26,310.6,1271,39.97,63.2
M20,1/12/2024 11:00,296.91,306.9,1516,43.53,62
M20,1/12/2024 12:00,297.13,308.08,2038,52.69,57.6
M20,1/12/2024 13:00,295.41,308.32,1786,43.56,59.3
M20,1/12/2024 14:00,297.22,305.93,2164,33.83,64.1
M20,1/12/2024 15:00,299.19,306.12,1410,35.64,63.9
M20,1/12/2024 16:00,299.04,305.02,1282,26.78,62.2
M20,1/12/2024 17:00,296.04,306.3,1567,33.9,69.5
M20,1/12/2024 18:00,296.52,310.92,1996,43.22,69.4
M20,1/12/2024 19:00,301.67,307.6,2107,27.79,61.2
M20,1/12/2024 20:00,300.31,311.99,2145,46.37,70.1
M20,1/12/2024 21:00,295.27,307.67,1886,23.03,67.8
M20,1/12/2024 22:00,296.04,308.25,2180,32.88,64.7
M20,1/12/2024 23:00,296.4,310.32,2377,40.77,64.4
M20,1/13/2024 0:00,297.51,310.87,1629,33.98,74.2
M20,1/13/2024 1:00,301.51,306.36,2208,35.21,67.9
M20,1/13/2024 2:00,296.05,311.61,2019,25.58,75.9
M20,1/13/2024 3:00,298.26,311.27,1648,37.41,69
M20,1/13/2024 4:00,299.06,305.71,1677,48.35,75.1
M20,1/13/2024 5:00,300.13,310,1308,20.24,75.6
M20,1/13/2024 6:00,299.58,306.76,1269,27.15,73.9
M20,1/13/2024 7:00,296.34,311.21,1602,43.9,76.6
M20,1/13/2024 8:00,300.67,306.47,1775,32.85,77.3
M20,1/13/2024 9:00,295.9,309.52,2321,41.91,71.9
M20,1/13/2024 10:00,298.08,309.15,1961,46.35,79.4
M20,1/13/2024 11:00,301.65,309,1989,38.91,82.2
M20,1/13/2024 12:00,297.7,307.59,1930,30.75,81.3
M20,1/13/2024 13:00,295.67,308.43,2304,47.7,79.4
M20,1/13/2024 14:00,298.05,305.21,1622,44.97,81.9
M20,1/13/2024 15:00,299.53,311.94,2077,38.28,79.9
M20,1/13/2024 16:00,300.08,305.93,2338,82.93,248
M20,1/13/2024 17:00,299.7,311.04,1632,22.81,81.6
M20,1/13/2024 18:00,295.66,308.57,2391,48.85,82.8
M20,1/13/2024 19:00,297.54,305.56,1261,24.47,79.5
M20,1/13/2024 20:00,301.14,316.71,3032,34.17,86.8
M20,1/13/2024 21:00,295.66,307.08,2363,40.2,86.2
M20,1/13/2024 22:00,298.92,307.51,1382,51.17,81.6
M20,1/13/2024 23:00,296.3,306.03,2161,33.34,83.9
M20,1/14/2024 0:00,298.96,307.8,2104,30.32,88.9
M20,1/14/2024 1:00,296.59,309.23,1889,52.09,86.8
M20,1/14/2024 2:00,298.94,307.24,1785,34.52,89
M20,1/14/2024 3:00,306.48,305.52,1319,37.97,87.6
M20,1/14/2024 4:00,300.15,311.61,1617,33.31,90
M20,1/14/2024 5:00,301.81,307.46,1999,42.99,91.6
M20,1/14/2024 6:00,300.79,306.19,1618,29.98,92.8
M20,1/14/2024 7:00,296.5,311.86,2072,43.36,88.5
M20,1/14/2024 8:00,295.87,309.22,1819,39.21,93.5
M20,1/14/2024 9:00,300.09,310.23,1625,54.17,97.5
M20,1/14/2024 10:00,297.13,310.29,2342,51.03,97
M20,1/14/2024 11:00,298.28,307.5,1943,42.05,94.3
M20,1/14/2024 12:00,298.02,305.41,1247,40.98,97.2
M20,1/14/2024 13:00,297.05,318.15,1949,71.04,98.6
M20,1/14/2024 14:00,301.73,310.85,1722,52,101.7
M20,1/14/2024 15:00,301.78,308.78,2324,50.88,102
M20,1/14/2024 16:00,301.61,307.28,2226,53.02,95.6
M20,1/14/2024 17:00,298.06,311.43,1379,39.36,100.5
M20,1/14/2024 18:00,297.12,308.15,1385,40.77,106.1
M20,1/14/2024 19:00,296.65,308.12,1702,48.54,101.1
M20,1/14/2024 20:00,297.82,307.23,1638,37.62,102.3
M20,1/14/2024 21:00,295.4,306.68,2247,50.12,105.6
M20,1/14/2024 22:00,297.73,307.75,1538,29.28,102.1
M20,1/14/2024 23:00,296.63,306.76,2030,40.82,102.4
M20,1/15/2024 0:00,300.74,309.8,1996,21.13,103.8
M20,1/15/2024 1:00,295.04,308.82,1629,31.55,105.3
M20,1/15/2024 2:00,297.67,305,1813,40.56,103.5
M20,1/15/2024 3:00,296.82,306.93,2081,45.71,109.5
M20,1/15/2024 4:00,301.17,307.98,1581,26.21,257
M20,1/15/2024 5:00,299.76,309.89,1919,39.29,109.3
M20,1/15/2024 6:00,301.48,305.49,2353,51.6,106.4
M20,1/15/2024 7:00,297.12,307.2,1653,27.52,110.4
M20,1/15/2024 8:00,297.91,310.01,2021,20.04,115.6
M20,1/15/2024 9:00,297.21,305,1253,25.86,111.6
M20,1/15/2024 10:00,296.35,308.63,1416,54.7,117.8
M20,1/15/2024 11:00,300.99,310.67,2153,23.31,115.2
M20,1/15/2024 12:00,298.91,307.69,1385,40.92,116.6
M20,1/15/2024 13:00,295.81,311.39,1965,21.27,114.8
M20,1/15/2024 14:00,295.66,310.69,1655,49.17,117.8
M20,1/15/2024 15:00,295.57,317.38,2208,22.69,218
M20,1/15/2024 16:00,299.95,310.26,2343,51.75,123.1
M20,1/15/2024 17:00,301.92,305.12,1407,41.01,115.2
M20,1/15/2024 18:00,296.54,310.69,1352,46.68,117.9
M20,1/15/2024 19:00,301.73,305.29,1743,21.45,116.4
M20,1/15/2024 20:00,296.49,311.11,1349,52.75,121.3
M20,1/15/2024 21:00,298.89,307.7,2119,28.92,117.4
M20,1/15/2024 22:00,295.48,311.43,1571,51.68,126
M20,1/15/2024 23:00,300.05,309.55,1321,54.81,124.8
M20,1/16/2024 0:00,301.6,308.01,2204,43.58,121.3
M20,1/16/2024 1:00,298.02,310.82,1329,38.97,129.4
M20,1/16/2024 2:00,295.92,309.68,1671,50.62,127.3
M20,1/16/2024 3:00,296.55,305.42,1864,32.5,130.7
M20,1/16/2024 4:00,298.47,310.04,1477,22.08,130.6
M20,1/16/2024 5:00,300.53,310.71,1898,41,129
M20,1/16/2024 6:00,299.91,311.98,1415,49.6,133
M20,1/16/2024 7:00,299.43,309,2028,50.11,125.4
M20,1/16/2024 8:00,295.22,306.14,1333,24.93,126.2
M20,1/16/2024 9:00,297.96,308.63,2029,47.51,134.2
M20,1/16/2024 10:00,301.23,310.38,1718,28.93,135.2
M20,1/16/2024 11:00,295.3,308.79,1354,44.21,133
M20,1/16/2024 12:00,295.27,310.42,1683,29.56,134.4
M20,1/16/2024 13:00,298.96,307.47,2027,20.4,136.3
M20,1/16/2024 14:00,297.33,311.36,2227,21.22,138.6
M20,1/16/2024 15:00,298.2,307.38,2085,40.79,133.2
M20,1/16/2024 16:00,298.82,310.83,2370,42.89,136.7
M20,1/16/2024 17:00,301.88,305.55,1493,43.28,139.1
M20,1/16/2024 18:00,297.51,311.51,2107,51.77,135.1
M20,1/16/2024 19:00,299.72,309.39,1789,35.89,141.6
M20,1/16/2024 20:00,301.15,310.64,1599,21.57,138.7
M20,1/16/2024 21:00,297,305.97,2020,24.32,145.5
M20,1/16/2024 22:00,297.63,308.63,2392,51.73,137.7
M20,1/16/2024 23:00,299.8,305.91,2113,53.51,138
M20,1/17/2024 0:00,297.71,310.38,2306,33.97,138
M20,1/17/2024 1:00,299.18,305.89,2019,50.66,144.6
M20,1/17/2024 2:00,300.5,307.89,1294,24.37,143.1
M20,1/17/2024 3:00,298.48,308.44,1804,21.57,140.8
M20,1/17/2024 4:00,301.54,311.66,1622,23.04,150.3
M20,1/17/2024 5:00,296.91,311.73,1896,25.3,150
M20,1/17/2024 6:00,295.24,308.65,2270,49.32,145.5
M20,1/17/2024 7:00,295.44,306.26,1941,53.45,143.8
M20,1/17/2024 8:00,295.06,307.52,1666,31.57,151.6
M20,1/17/2024 9:00,295.83,306.91,2047,20.58,150.8
M20,1/17/2024 10:00,296.61,309.65,1696,25.23,152.7
M20,1/17/2024 11:00,295.05,305.6,1500,52.25,152
M20,1/17/2024 12:00,301.22,306.58,1423,47.75,149.8
M20,1/17/2024 13:00,300.59,306.97,1263,48.26,153.1
M20,1/17/2024 14:00,298.58,306.86,1603,43.83,154.9
M20,1/17/2024 15:00,298.37,310.33,1509,44.12,152.3
M20,1/17/2024 16:00,295.68,305.8,2287,25.15,151
M20,1/17/2024 17:00,301.58,311.06,2258,22.83,229
M20,1/17/2024 18:00,296.05,307.18,2036,32.03,156.2
M20,1/17/2024 19:00,300.28,308.05,1644,43.77,155.9
M20,1/17/2024 20:00,301.81,310.43,1910,50.34,157.3
M20,1/17/2024 21:00,297.1,308.66,2291,25.03,161.3
M20,1/17/2024 22:00,300.77,306.04,1836,30.34,156.5
M20,1/17/2024 23:00,296.42,305.82,2154,53.95,162.2
M20,1/18/2024 0:00,298.87,307.32,1711,28.81,159.8
M20,1/18/2024 1:00,298.69,308.58,2166,25.56,166.8
M20,1/18/2024 2:00,298.31,307.66,1975,44.8,163
M20,1/18/2024 3:00,301.79,307.09,2225,35.64,165.6
M20,1/18/2024 4:00,299.38,307.19,1347,43.94,167.4
M20,1/18/2024 5:00,297.73,307.52,1588,23.6,167.7
M20,1/18/2024 6:00,297.77,305.67,1270,36.83,163.6
M20,1/18/2024 7:00,295.58,310.53,1739,27.7,167.8
M20,1/18/2024 8:00,300.64,305.57,1786,32.44,168.1
M20,1/18/2024 9:00,297.67,307.14,2144,30.92,172.3
M20,1/18/2024 10:00,299.17,309.29,2180,23.38,164.9
M20,1/18/2024 11:00,296.59,310.73,1766,47.49,173.8
M20,1/18/2024 12:00,298.02,309.31,1258,23.23,172.7
M20,1/18/2024 13:00,300.54,307.12,1803,30.55,172
M20,1/18/2024 14:00,299.98,309.91,2329,45.09,173
M20,1/18/2024 15:00,298.66,305.65,2175,37.91,168.1
M20,1/18/2024 16:00,301.51,311.18,1436,32.82,174.2
M20,1/18/2024 17:00,296.79,308.19,1649,38.02,174
M20,1/18/2024 18:00,301.07,311.67,1631,27.5,171.4
M20,1/18/2024 19:00,307.91,318.26,2340,21.43,179.4
M20,1/18/2024 20:00,301.15,311.15,2275,27.64,175.3
M20,1/18/2024 21:00,298.22,310.06,2216,28.95,176.7
M20,1/18/2024 22:00,297.69,311.02,1923,34.08,172.9
M20,1/18/2024 23:00,297.64,310.02,1531,49.92,179.1
M20,1/19/2024 0:00,301.06,306.27,2303,24.45,180.2
M20,1/19/2024 1:00,301.01,308.52,2300,25.78,180.7
M20,1/19/2024 2:00,298.08,307.99,2720,76.89,177.9
M20,1/19/2024 3:00,295.26,307.82,2013,21.14,179.4
M20,1/19/2024 4:00,296.62,306.27,1716,42.87,180
M20,1/19/2024 5:00,298.65,310.09,2384,50.74,183.8
M20,1/19/2024 6:00,298.65,307.17,2086,32.3,180.5
M20,1/19/2024 7:00,295.83,311.11,1681,36.37,186.5
M20,1/19/2024 8:00,299.95,307.15,1661,47.62,183
M20,1/19/2024 9:00,295.66,309.83,1892,40.28,190
M20,1/19/2024 10:00,300.74,310.65,1962,40.05,184.5
M20,1/19/2024 11:00,296.73,309.02,1604,52.25,184.8
M20,1/19/2024 12:00,296.35,309.83,1889,40.17,185.3
M20,1/19/2024 13:00,297.99,308.45,2199,32.81,186.3
